ID,Description,GeneRatio,BgRatio,pvalue,p.adjust,qvalue,geneID,Count
GO:0040003,chitin-based cuticle development,87/2241,147/8890,1.3925632514142237e-18,3.676366983733551e-15,3.4550227195613955e-15,amd/Gld/kkv/knk/Pu/Ccp84Ag/Ccp84Ad/Ccp84Ac/Ccp84Ab/Acp1/pio/Lcp65Ag2/Lcp65Af/Lcp65Ac/Lcp65Ab2/Alas/Cht2/Gasp/Vajk3/Cpr35B/Vajk1/TwdlT/Cpr11A/obst-A/obst-E/TwdlE/Vajk2/Cpr47Ef/Twdlbeta/Cpr49Ac/Cpr49Ae/Cpr49Ag/Cpr50Cb/Cpr51A/resilin/Cpr56F/Cpr62Bb/Cpr62Bc/Cht7/Cpr64Ab/Cpr64Ad/Cpr65Ea/Cpr65Eb/Cpr65Ec/Cpr66Cb/Cpr67Fa1/Cpr76Bc/Cpr78Cc/TwdlF/TwdlG/Cht5/TwdlW/Cpr92F/TwdlM/TwdlP/TwdlL/TwdlO/TwdlN/TwdlD/TwdlQ/TwdlC/Cpr97Ea/Cpr97Eb/Cpr100A/Vajk4/fred/Cpr66D/Cpr65Av/TwdlY/TwdlX/dpy/Cpr31A/Idgf5/Cpr47Eg/Lcp65Ag3/puc/Tb/CG34461/pot/mmy/drd/serp/rtv/verm/dsx-c73A/sdt/stw,87
GO:0042335,cuticle development,100/2241,185/8890,2.4791563967281087e-17,3.272486443681103e-14,3.0754587510990277e-14,amd/Ddc/ect/Gld/kkv/knk/m/Pu/sha/Ser/Ccp84Ag/Ccp84Ad/Ccp84Ac/Ccp84Ab/ple/Cyp4g1/fng/Acp1/pio/Lcp65Ag2/Lcp65Af/Lcp65Ac/Lcp65Ab2/Alas/Cht2/Gasp/Vajk3/Cpr35B/Vajk1/TwdlT/Cpr11A/obst-A/snsl/obst-E/TwdlE/Vajk2/Cpr47Ef/Twdlbeta/Cpr49Ac/Cpr49Ae/Cpr49Ag/Cpr50Cb/Cpr51A/resilin/Cpr56F/Cpr62Bb/Cpr62Bc/Cht7/Cpr64Ab/Cpr64Ad/Cpr65Ea/Cpr65Eb/Cpr65Ec/Cpr66Cb/Cpr67Fa1/Cpr76Bc/Cpr78Cc/TwdlF/TwdlG/Cht5/TwdlW/Cpr92F/TwdlM/TwdlP/TwdlL/TwdlO/TwdlN/TwdlD/TwdlQ/TwdlC/Cpr97Ea/Cpr97Eb/snu/Cpr100A/FASN2/Vajk4/fred/Cpr66D/Cpr65Av/TwdlY/TwdlX/dpy/Cpr31A/Idgf5/Sec61alpha/Cpr47Eg/Lcp65Ag3/puc/Tb/CG34461/pot/mmy/drd/serp/rtv/verm/dsx-c73A/sdt/f/stw,100
GO:0003008,system process,199/2241,472/8890,9.47405121425487e-17,8.337165068544286e-14,7.835206565613589e-14,nAChRalpha1/nAChRbeta1/nAChRalpha2/Appl/boss/bsk/bw/salr/Col4a1/Ddc/eag/Fas2/Galphas/Hn/if/inaD/Ca-alpha1D/Mlc1/Mlc2/na/Atpalpha/Pkc98E/rut/Sh/ss/w/Tm2/nAChRbeta2/5-HT1A/up/ct/Rdl/Klp64D/mew/Mdr65/Oct-TyrR/Gad1/Syn/TkR99D/14-3-3zeta/Shal/Galphaf/Lcch3/Nmdar1/cora/sinu/Obp28a/RyR/Ms/Dop1R1/ine/Nos/Dhc93AB/Nrx-IV/cher/tim/nrv2/Drip/nompA/vri/Acer/H15/Dyrk2/klg/mGluR/ppk/geko/CRMP/Clk/CG3078/b6/Oamb/GluClalpha/Scgdelta/cry/Amnionless/Nsun2/Eaat1/Inx7/Amph/CG4928/kirre/nAChRalpha5/aru/NtR/CG5921/Uba5/Sclp/dpr18/Mec2/Ir25a/meng/Nha1/CG8086/nAChRalpha6/dpr19/AstC/nrv3/Dscam1/Obp44a/KCNQ/CAP/Sans/dpr13/Obp56a/Obp56d/Eglp2/Eglp4/ITP/dpr20/Chd64/DopEcR/CG10226/ppk26/Or71a/SecCl/CG14636/NPFR/Neurochondrin/Desi/dpr5/ATP8B/dpr15/dpr9/Nrx-1/CG6972/Root/sosie/Obp99a/Obp99c/Obp99d/Obp99b/Cad99C/CG15537/Sox102F/dpr1/robo3/prt/Obp83g/Obp83ef/Obp83cd/ClC-a/dpr17/Gba1b/wry/dpr10/Rbfox1/Krn/dpr8/Cubn/dpr11/dpr7/dpr4/Nmdar2/dpr3/Dop2R/Unc-89/pain/Ctr1A/dpr12/Nox/sif/DCX-EMAP/futsch/brp/drd/qvr/Mp/2mit/rempA/stj/pdm3/nemy/Npc1b/Ank2/f/Shab/Tmhs/Ptr/dysc/orb2/CG43778/Ca-alpha1T/CaMKII/Mhc/Rgk1/pHCl-1/tn/rad/CrebB/rdgC/rg/SclA/SclB/Ggamma30A/Tmc/wupA/Phm/para,199
GO:0006812,cation transport,139/2241,322/8890,6.311768526237698e-13,4.1657672273168807e-10,3.914957477984804e-10,nAChRalpha1/nAChRalpha2/eag/Ca-alpha1D/Atpalpha/Sh/Shaw/slo/tipE/w/Syt1/GluRIA/Shal/ATPsynbeta/SerT/RyR/Elk/ine/nrv2/ppk/dve/Tsf1/CG3078/ZnT41F/CG4928/CG1688/Syt4/GluRIID/ZnT35C/Nckx30C/nAChRalpha5/CG15270/CG15279/SK/NAAT1/CG9657/CG1628/SelG/CG1840/CG1824/CG4239/ppk23/Usp2/VGlut/OtopLb/Nha1/CG13794/Ostgamma/CG7781/CG14275/Mco1/nAChRalpha6/CG4995/Vha100-5/atilla/CG9336/CG9338/nrv3/sand/CG1698/KCNQ/CG6329/VGAT/DAT/levy/galene/CG5687/Teh2/VhaM9.7-a/ppk26/crim/Ncc69/Tsf2/CG1090/Task7/Teh1/Tpc1/CG6723/Zip89B/Vha100-4/ChT/CG7720/KaiR1D/CG4743/Mco3/ATPsynC/salt/Syt7/Gat/Vha36-3/GluRIIC/CG31030/GluRIIE/NKCC/CG31676/Ndfip/CG32669/CG32850/ppk13/dpr3/Mid1/pain/Ctr1A/Rgk2/CG34396/Rgk3/Sec61alpha/Orct2/CG42235/CG42260/OtopLc/CG42340/Ca-beta/OtopLa/CG31904/qvr/Vmat/CG42594/stj/Syt12/Sytbeta/rtv/CngA/Ca-Ma2d/Shab/CG43155/ND4/Cngl/Ih/Vha68-2/Stacl/GluRIB/Ca-alpha1T/Rgk1/Vha68-1/Neto/CngB/Vha13/para,139
GO:0099537,trans-synaptic signaling,127/2241,292/8890,3.455692531554957e-12,1.5872723327117754e-9,1.4917068932223507e-9,Ace/nAChRalpha1/mAChR-A/nAChRbeta1/nAChRalpha2/boss/Cat/ChAT/comt/Fas2/Galphas/na/Atpalpha/rt/rut/Sh/slo/svp/nAChRbeta2/5-HT1A/Syt1/Rdl/5-HT7/Rop/Syn/Cbp53E/TkR99D/Shal/Rab3/CanB/Lcch3/Nmdar1/Snap25/Dop1R1/nSyb/Ipp/stnB/mGluR/dtr/wit/b6/Oamb/GluClalpha/Srpk79D/Eaat1/GABA-B-R2/Syt4/GluRIID/gammaSnap1/nAChRalpha5/NtR/Rab3-GEF/Frq1/wgn/Syx16/VGlut/Nlg2/CG7781/CG14275/nAChRalpha6/atilla/twit/CG9336/CG9338/Dyb/CG6329/Syngr/VGAT/DAT/P32/CG10339/spz5/FMRFaR/unc-13-4A/PGRP-LC/crim/SecCl/Neurochondrin/mAChR-B/KaiR1D/Nrx-1/CDase/kek6/Syt7/CG11155/Cals/cpx/GluRIIC/RIC-3/Nlg1/GluRIIE/CG31475/CG31676/CG32447/X11Lbeta/Rim/Cadps/Frq2/Nlg3/Nlg4/beta-Spec/brp/Ca-beta/qvr/stj/Syt12/Sytbeta/rtv/NT1/Exn/nemy/Ank2/Rbp/Shab/5-HT1B/Acsl/Ih/nwk/cpo/dysc/Slob/Fife/CaMKII/pHCl-1/Neto/Esyt2/VAChT,127
GO:0007186,G protein-coupled receptor signaling pathway,91/2241,188/8890,3.60743711979949e-12,1.5872723327117754e-9,1.4917068932223507e-9,mAChR-A/boss/Galphas/inaD/rk/rut/5-HT1A/Oct-TyrR/5-HT7/TkR99D/Gbeta76C/Ac76E/Galphaf/Ms/Dop1R1/Gycalpha99B/AstA/Lgr1/mGluR/Pdf/RSG7/Oamb/AkhR/moody/GABA-B-R2/SPR/Gbeta5/CCKLR-17D3/GABA-B-R3/CG13995/Dh31/sNPF/CCHa2-R/CG13229/Dh44-R2/ITP/Nplp1/mthl9/CNMa/MsR1/FMRFaR/CG10359/DopEcR/Lkr/mthl6/CrzR/Mip/AstC-R2/sNPF-R/NPFR/mAChR-B/mthl5/Octbeta2R/CCHa2/TyrRII/TyrR/Octalpha2R/ETHR/Octbeta1R/CG12290/CG15556/ACXD/mtt/CG31140/smog/mthl15/CG31760/CG32301/CG32305/CG32447/CG32547/CG32683/Dh31-R/Dop2R/CG33639/CG34351/Dgk/TrissinR/CG34384/Octbeta3R/CG42450/GABA-B-R1/Pdfr/TfAP-2/5-HT1B/CG43373/CG43795/rdgC/Dop1R2/AstA-R1/Ggamma30A,91
GO:0099536,synaptic signaling,128/2241,296/8890,4.632766661671244e-12,1.7472148552588693e-9,1.6420197024900938e-9,Ace/nAChRalpha1/mAChR-A/nAChRbeta1/nAChRalpha2/boss/Cat/ChAT/comt/Fas2/Galphas/na/Atpalpha/rt/rut/Sh/slo/svp/nAChRbeta2/5-HT1A/Syt1/Rdl/5-HT7/Rop/Syn/Cbp53E/TkR99D/Shal/Rab3/CanB/Lcch3/Nmdar1/Snap25/Dop1R1/nSyb/Ipp/stnB/mGluR/dtr/wit/b6/Oamb/GluClalpha/Srpk79D/Eaat1/GABA-B-R2/Syt4/GluRIID/gammaSnap1/nAChRalpha5/NtR/Rab3-GEF/Frq1/wgn/Syx16/VGlut/Nlg2/CG7781/CG14275/nAChRalpha6/atilla/twit/CG9336/CG9338/Dyb/CG6329/Syngr/VGAT/DAT/P32/CG10339/spz5/FMRFaR/unc-13-4A/PGRP-LC/crim/SecCl/Neurochondrin/mAChR-B/KaiR1D/Nrx-1/Tusp/CDase/kek6/Syt7/CG11155/Cals/cpx/GluRIIC/RIC-3/Nlg1/GluRIIE/CG31475/CG31676/CG32447/X11Lbeta/Rim/Cadps/Frq2/Nlg3/Nlg4/beta-Spec/brp/Ca-beta/qvr/stj/Syt12/Sytbeta/rtv/NT1/Exn/nemy/Ank2/Rbp/Shab/5-HT1B/Acsl/Ih/nwk/cpo/dysc/Slob/Fife/CaMKII/pHCl-1/Neto/Esyt2/VAChT,128
GO:0007268,chemical synaptic transmission,126/2241,291/8890,6.146515214896615e-12,1.8029777963696735e-9,1.6944253054399207e-9,Ace/nAChRalpha1/mAChR-A/nAChRbeta1/nAChRalpha2/boss/Cat/ChAT/comt/Fas2/Galphas/na/Atpalpha/rt/rut/Sh/slo/svp/nAChRbeta2/5-HT1A/Syt1/Rdl/5-HT7/Rop/Syn/Cbp53E/TkR99D/Shal/Rab3/CanB/Lcch3/Nmdar1/Snap25/Dop1R1/nSyb/Ipp/stnB/mGluR/dtr/wit/b6/Oamb/GluClalpha/Srpk79D/Eaat1/GABA-B-R2/Syt4/GluRIID/gammaSnap1/nAChRalpha5/NtR/Rab3-GEF/Frq1/wgn/Syx16/VGlut/Nlg2/CG7781/CG14275/nAChRalpha6/atilla/twit/CG9336/CG9338/Dyb/CG6329/Syngr/VGAT/DAT/P32/CG10339/spz5/FMRFaR/unc-13-4A/PGRP-LC/crim/SecCl/Neurochondrin/mAChR-B/KaiR1D/Nrx-1/CDase/kek6/Syt7/CG11155/Cals/cpx/GluRIIC/RIC-3/Nlg1/GluRIIE/CG31676/CG32447/X11Lbeta/Rim/Cadps/Frq2/Nlg3/Nlg4/beta-Spec/brp/Ca-beta/qvr/stj/Syt12/Sytbeta/rtv/NT1/Exn/nemy/Ank2/Rbp/Shab/5-HT1B/Acsl/Ih/nwk/cpo/dysc/Slob/Fife/CaMKII/pHCl-1/Neto/Esyt2/VAChT,126
GO:0098916,anterograde trans-synaptic signaling,126/2241,291/8890,6.146515214896615e-12,1.8029777963696735e-9,1.6944253054399207e-9,Ace/nAChRalpha1/mAChR-A/nAChRbeta1/nAChRalpha2/boss/Cat/ChAT/comt/Fas2/Galphas/na/Atpalpha/rt/rut/Sh/slo/svp/nAChRbeta2/5-HT1A/Syt1/Rdl/5-HT7/Rop/Syn/Cbp53E/TkR99D/Shal/Rab3/CanB/Lcch3/Nmdar1/Snap25/Dop1R1/nSyb/Ipp/stnB/mGluR/dtr/wit/b6/Oamb/GluClalpha/Srpk79D/Eaat1/GABA-B-R2/Syt4/GluRIID/gammaSnap1/nAChRalpha5/NtR/Rab3-GEF/Frq1/wgn/Syx16/VGlut/Nlg2/CG7781/CG14275/nAChRalpha6/atilla/twit/CG9336/CG9338/Dyb/CG6329/Syngr/VGAT/DAT/P32/CG10339/spz5/FMRFaR/unc-13-4A/PGRP-LC/crim/SecCl/Neurochondrin/mAChR-B/KaiR1D/Nrx-1/CDase/kek6/Syt7/CG11155/Cals/cpx/GluRIIC/RIC-3/Nlg1/GluRIIE/CG31676/CG32447/X11Lbeta/Rim/Cadps/Frq2/Nlg3/Nlg4/beta-Spec/brp/Ca-beta/qvr/stj/Syt12/Sytbeta/rtv/NT1/Exn/nemy/Ank2/Rbp/Shab/5-HT1B/Acsl/Ih/nwk/cpo/dysc/Slob/Fife/CaMKII/pHCl-1/Neto/Esyt2/VAChT,126
GO:0006811,ion transport,177/2241,457/8890,4.1403319963945334e-11,1.0930476470481567e-8,1.0272381595265174e-8,nAChRalpha1/nAChRbeta1/nAChRalpha2/eag/Ca-alpha1D/na/Atpalpha/Sh/Shaw/slo/tipE/w/nAChRbeta2/Syt1/Rdl/GluRIA/Shal/ATPsynbeta/Lcch3/Nmdar1/SerT/RyR/Elk/ine/nrv2/ppk/dve/Tsf1/CG3078/GluClalpha/ZnT41F/Eaat2/Eaat1/CG4928/CG1688/Syt4/GluRIID/ZnT35C/Nckx30C/nAChRalpha5/CG15270/CG15279/NtR/SK/NAAT1/CG9657/CG1628/CG10353/SelG/CG1840/CG1824/MFS10/Clic/CG4239/CG9903/ppk23/Ucp4A/CG8051/Usp2/MFS3/VGlut/OtopLb/Ir25a/Nha1/CG13794/Ostgamma/CG7781/CG14275/Mco1/nAChRalpha6/CG4995/Vha100-5/atilla/Oatp33Eb/CG9336/CG9338/nrv3/sand/CG1698/KCNQ/CG6329/VGAT/CG8468/DAT/Mpcp1/levy/galene/CG5687/Teh2/VhaM9.7-a/CG10483/Best2/ppk26/crim/Ncc69/Tsf2/SecCl/CG1090/Task7/Teh1/Tpc1/CG6723/sea/Zip89B/Vha100-4/ChT/CG7720/MFS9/KaiR1D/CG17119/CG4743/Mco3/CG9702/CG9717/ATPsynC/salt/CG2003/Syt7/Gat/CG11155/Vha36-3/GluRIIC/CG31030/ClC-a/GluRIIE/NKCC/Oatp26F/CG31676/Ndfip/CG32669/CG32850/ppk13/Nmdar2/dpr3/Mid1/pain/Ctr1A/Rgk2/CG34396/Rgk3/Sec61alpha/Orct2/CG42235/CG42237/CG42260/OtopLc/CG42340/Ca-beta/OtopLa/CG31904/qvr/Vmat/CG42594/stj/Syt12/Sytbeta/rtv/CngA/Ca-Ma2d/Shab/CG43155/ND4/Cngl/Ih/Vha68-2/Stacl/GluRIB/dysc/Slob/Ca-alpha1T/Rgk1/pHCl-1/Vha68-1/Neto/CngB/Vha13/para,177
GO:0050804,modulation of chemical synaptic transmission,69/2241,140/8890,5.569205220825547e-10,1.2252251485816204e-7,1.1514576057443697e-7,boss/Cat/comt/Fas2/na/rt/Sh/slo/Syt1/Rdl/Cbp53E/TkR99D/Rab3/Snap25/mGluR/b6/Eaat1/GABA-B-R2/Syt4/GluRIID/Frq1/wgn/VGlut/Nlg2/CG7781/CG14275/atilla/twit/CG9336/CG9338/Dyb/CG6329/CG10339/spz5/FMRFaR/PGRP-LC/crim/Neurochondrin/KaiR1D/Nrx-1/kek6/CG11155/Cals/cpx/GluRIIC/Nlg1/GluRIIE/CG31676/CG32447/Rim/Frq2/Nlg3/Nlg4/beta-Spec/brp/qvr/Syt12/rtv/NT1/Exn/nemy/Ank2/Shab/Ih/dysc/Slob/Fife/CaMKII/Neto,69
GO:0099177,regulation of trans-synaptic signaling,69/2241,140/8890,5.569205220825547e-10,1.2252251485816204e-7,1.1514576057443697e-7,boss/Cat/comt/Fas2/na/rt/Sh/slo/Syt1/Rdl/Cbp53E/TkR99D/Rab3/Snap25/mGluR/b6/Eaat1/GABA-B-R2/Syt4/GluRIID/Frq1/wgn/VGlut/Nlg2/CG7781/CG14275/atilla/twit/CG9336/CG9338/Dyb/CG6329/CG10339/spz5/FMRFaR/PGRP-LC/crim/Neurochondrin/KaiR1D/Nrx-1/kek6/CG11155/Cals/cpx/GluRIIC/Nlg1/GluRIIE/CG31676/CG32447/Rim/Frq2/Nlg3/Nlg4/beta-Spec/brp/qvr/Syt12/rtv/NT1/Exn/nemy/Ank2/Shab/Ih/dysc/Slob/Fife/CaMKII/Neto,69
GO:0030001,metal ion transport,97/2241,222/8890,9.73133734579295e-10,1.9762100456071838e-7,1.85722770235093e-7,eag/Ca-alpha1D/Atpalpha/Sh/Shaw/slo/tipE/Shal/SerT/RyR/Elk/ine/nrv2/ppk/dve/Tsf1/CG3078/ZnT41F/CG4928/CG1688/GluRIID/ZnT35C/Nckx30C/CG15279/SK/NAAT1/CG9657/SelG/CG1840/CG1824/CG4239/ppk23/Usp2/Nha1/CG13794/Ostgamma/CG7781/CG14275/Mco1/atilla/CG9336/CG9338/nrv3/sand/CG1698/KCNQ/CG6329/DAT/galene/CG5687/Teh2/ppk26/crim/Ncc69/Tsf2/CG1090/Task7/Teh1/CG6723/Zip89B/CG7720/KaiR1D/Mco3/salt/Gat/GluRIIC/GluRIIE/NKCC/CG31676/Ndfip/CG32669/ppk13/dpr3/Mid1/pain/Ctr1A/Rgk2/CG34396/Rgk3/Sec61alpha/CG42235/CG42340/Ca-beta/CG31904/qvr/CG42594/stj/rtv/Ca-Ma2d/Shab/CG43155/Ih/Stacl/Ca-alpha1T/Rgk1/Neto/para,97
GO:0003012,muscle system process,25/2241,33/8890,1.526464381901636e-9,2.878475691585942e-7,2.7051703369489895e-7,Ca-alpha1D/Mlc1/Mlc2/Tm2/up/RyR/Ms/CG3078/Eaat1/Amph/CG4928/Sclp/KCNQ/Chd64/Neurochondrin/CG6972/robo3/Unc-89/Nox/Mp/Mhc/tn/SclA/SclB/wupA,25
GO:0007155,cell adhesion,93/2241,214/8890,3.0322199435844067e-9,5.336707100708556e-7,5.015398180370841e-7,by/CG17716/Fas2/Fas3/fw/if/Gli/sas/LanA/m/rk/Vinc/mew/aos/Con/Itgbn/cora/tutl/sinu/Tig/beat-Ia/Nrx-IV/RhoL/CadN/nrv2/klg/mspo/Cad96Ca/caps/Flo1/wrapper/Timp/Ndg/SPARC/kirre/bdl/prc/beat-Ic/alpha-Catr/CG9095/bves/Tsp/Nlg2/CG17739/CG15080/CG13506/CG10339/Mmp1/zye/CG7166/NijC/beat-Vc/beat-Va/beat-Vb/Cad88C/Cad89D/beat-IIb/beat-IIa/beat-IV/Cad96Cb/beat-VI/Cad99C/Cals/Pax/mesh/Nlg1/fred/Ccn/beat-IIIb/dyl/Nlg3/Nlg4/beat-VII/rhea/mfas/Dscam3/Cad86C/plx/LanB1/CadN2/nrm/CG43333/tx/Sema2b/Nrg/CG44153/Dscam2/beat-IIIa/Zasp52/LanB2/otk2/tyn/disco-r,93
GO:0006936,muscle contraction,20/2241,24/8890,3.6039783721018045e-9,5.946564313967977e-7,5.588537515160495e-7,Ca-alpha1D/Mlc1/Tm2/up/RyR/Ms/CG3078/Eaat1/Amph/CG4928/KCNQ/Chd64/robo3/Unc-89/Nox/Mhc/tn/SclA/SclB/wupA,20
GO:0007188,adenylate cyclase-modulating G protein-coupled receptor signaling pathway,34/2241,54/8890,4.728574697929449e-9,7.343198354431615e-7,6.901083939950287e-7,mAChR-A/Galphas/rk/rut/5-HT1A/Oct-TyrR/5-HT7/Ac76E/Galphaf/Dop1R1/Lgr1/Pdf/GABA-B-R2/Dh31/Dh44-R2/MsR1/DopEcR/Octbeta2R/TyrRII/TyrR/Octalpha2R/Octbeta1R/CG12290/CG15556/ACXD/CG32301/CG32305/Dop2R/Octbeta3R/GABA-B-R1/Pdfr/5-HT1B/CG43373/Dop1R2,34
GO:0098742,cell-cell adhesion via plasma-membrane adhesion molecules,40/2241,69/8890,6.744744929396038e-9,9.892292563114189e-7,9.296703975781557e-7,Fas2/Fas3/fw/if/mew/Con/Itgbn/tutl/beat-Ia/CadN/klg/Cad96Ca/caps/wrapper/kirre/bdl/beat-Ic/CG9095/CG13506/CG7166/beat-Vc/beat-Va/beat-Vb/Cad88C/Cad89D/beat-IIb/beat-IIa/beat-IV/Cad96Cb/beat-VI/Cad99C/Cals/beat-IIIb/beat-VII/Dscam3/Cad86C/CadN2/CG44153/Dscam2/beat-IIIa,40
GO:0050877,nervous system process,143/2241,373/8890,7.46650386626486e-9,1.0374510635231174e-6,9.749888982153062e-7,nAChRalpha1/nAChRbeta1/nAChRalpha2/Appl/boss/bsk/bw/salr/Ddc/eag/Fas2/Galphas/Hn/if/inaD/na/Atpalpha/Pkc98E/rut/Sh/ss/w/nAChRbeta2/5-HT1A/ct/Rdl/Klp64D/mew/Oct-TyrR/Gad1/Syn/TkR99D/14-3-3zeta/Shal/Galphaf/Lcch3/Nmdar1/Obp28a/Dop1R1/ine/Dhc93AB/cher/nrv2/nompA/Dyrk2/klg/mGluR/ppk/geko/CRMP/b6/Oamb/GluClalpha/cry/Nsun2/Eaat1/Inx7/nAChRalpha5/aru/NtR/CG5921/Uba5/dpr18/Ir25a/meng/CG8086/nAChRalpha6/dpr19/nrv3/Dscam1/Obp44a/CAP/Sans/dpr13/Obp56a/Obp56d/dpr20/DopEcR/ppk26/Or71a/SecCl/CG14636/Desi/dpr5/ATP8B/dpr15/dpr9/Nrx-1/Root/sosie/Obp99a/Obp99c/Obp99d/Obp99b/Cad99C/dpr1/prt/Obp83g/Obp83ef/Obp83cd/dpr17/Gba1b/dpr10/Rbfox1/Krn/dpr8/dpr11/dpr7/dpr4/Nmdar2/dpr3/Dop2R/pain/dpr12/sif/DCX-EMAP/futsch/brp/qvr/2mit/rempA/stj/pdm3/nemy/Ank2/f/Tmhs/Ptr/dysc/orb2/CG43778/Ca-alpha1T/CaMKII/Rgk1/pHCl-1/rad/CrebB/rdgC/rg/Ggamma30A/Tmc/Phm/para,143
GO:0007189,adenylate cyclase-activating G protein-coupled receptor signaling pathway,26/2241,37/8890,1.0288511787032765e-8,1.3580835558883249e-6,1.276316962212433e-6,Galphas/rk/rut/Oct-TyrR/5-HT7/Ac76E/Galphaf/Dop1R1/Lgr1/Pdf/Dh31/DopEcR/Octbeta2R/TyrRII/TyrR/Octbeta1R/CG12290/CG15556/ACXD/CG32301/CG32305/Dop2R/Octbeta3R/Pdfr/CG43373/Dop1R2,26
GO:0006813,potassium ion transport,38/2241,65/8890,1.1660890580671134e-8,1.4659405301415139e-6,1.3776801553203943e-6,eag/Atpalpha/Sh/Shaw/slo/Shal/Elk/nrv2/CG3078/CG4928/CG1688/SK/CG1824/CG4239/CG7781/CG14275/atilla/CG9336/CG9338/nrv3/sand/KCNQ/CG6329/galene/crim/Ncc69/Task7/NKCC/CG31676/CG34396/CG42340/qvr/CG42594/rtv/Shab/CG43155/Ih/Neto,38
GO:0071805,potassium ion transmembrane transport,35/2241,58/8890,1.4035888475333577e-8,1.6843066170400292e-6,1.5828990017397723e-6,eag/Atpalpha/Sh/Shaw/Shal/Elk/nrv2/CG1688/SK/CG1824/CG4239/CG7781/CG14275/atilla/CG9336/CG9338/nrv3/sand/KCNQ/CG6329/galene/crim/Ncc69/Task7/NKCC/CG31676/CG34396/CG42340/qvr/CG42594/rtv/Shab/CG43155/Ih/Neto,35
GO:0007600,sensory perception,81/2241,186/8890,2.8381551258164573e-8,3.257708492241499e-6,3.0615705407548693e-6,boss/bw/salr/eag/Galphas/if/inaD/na/Atpalpha/Sh/ct/Klp64D/mew/Oct-TyrR/TkR99D/Galphaf/Nmdar1/Obp28a/Dhc93AB/nrv2/nompA/Dyrk2/ppk/geko/cry/CG5921/dpr18/Ir25a/CG8086/dpr19/nrv3/Dscam1/Obp44a/CAP/Sans/dpr13/Obp56a/Obp56d/dpr20/ppk26/Or71a/CG14636/Desi/dpr5/ATP8B/dpr15/dpr9/Root/sosie/Obp99a/Obp99c/Obp99d/Obp99b/Cad99C/dpr1/Obp83g/Obp83ef/Obp83cd/dpr17/dpr10/dpr8/dpr11/dpr7/dpr4/Nmdar2/dpr3/pain/dpr12/sif/DCX-EMAP/rempA/stj/pdm3/Ank2/f/Tmhs/dysc/CG43778/rdgC/Ggamma30A/Tmc,81
GO:0034220,ion transmembrane transport,112/2241,284/8890,5.8189030632295585e-8,6.400793369552514e-6,6.015418649136873e-6,nAChRalpha1/nAChRbeta1/nAChRalpha2/eag/Ca-alpha1D/Atpalpha/Sh/Shaw/nAChRbeta2/Rdl/Shal/ATPsynbeta/Lcch3/SerT/RyR/Elk/ine/nrv2/ppk/GluClalpha/ZnT41F/Eaat2/Eaat1/CG1688/ZnT35C/Nckx30C/nAChRalpha5/CG15279/NtR/SK/NAAT1/CG1628/CG10353/CG1824/CG4239/ppk23/Ucp4A/VGlut/OtopLb/CG13794/Ostgamma/CG7781/CG14275/nAChRalpha6/CG4995/Vha100-5/atilla/CG9336/CG9338/nrv3/sand/CG1698/KCNQ/CG6329/DAT/Mpcp1/levy/galene/VhaM9.7-a/ppk26/crim/Ncc69/SecCl/CG1090/Task7/Tpc1/sea/Zip89B/Vha100-4/KaiR1D/ATPsynC/Gat/Vha36-3/CG31030/ClC-a/NKCC/CG31676/ppk13/Mid1/pain/Ctr1A/Rgk2/CG34396/Rgk3/Sec61alpha/CG42260/OtopLc/CG42340/Ca-beta/OtopLa/CG31904/qvr/CG42594/stj/rtv/CngA/Ca-Ma2d/Shab/CG43155/ND4/Ih/Vha68-2/Stacl/dysc/Ca-alpha1T/Rgk1/pHCl-1/Vha68-1/Neto/CngB/Vha13/para,112
GO:0098660,inorganic ion transmembrane transport,93/2241,228/8890,1.261700473003608e-7,1.33235569949181e-5,1.2521381115240018e-5,eag/Ca-alpha1D/Atpalpha/Sh/Shaw/Rdl/Shal/ATPsynbeta/Lcch3/SerT/RyR/Elk/ine/nrv2/ppk/GluClalpha/ZnT41F/CG1688/ZnT35C/Nckx30C/CG15279/SK/NAAT1/CG10353/CG1824/CG4239/ppk23/OtopLb/CG13794/Ostgamma/CG7781/CG14275/Vha100-5/atilla/CG9336/CG9338/nrv3/sand/CG1698/KCNQ/CG6329/DAT/Mpcp1/levy/galene/VhaM9.7-a/ppk26/crim/Ncc69/SecCl/CG1090/Task7/Zip89B/Vha100-4/KaiR1D/ATPsynC/Gat/Vha36-3/CG31030/ClC-a/NKCC/CG31676/ppk13/Mid1/pain/Ctr1A/Rgk2/CG34396/Rgk3/Sec61alpha/OtopLc/CG42340/Ca-beta/OtopLa/CG31904/qvr/CG42594/stj/rtv/Ca-Ma2d/Shab/CG43155/ND4/Ih/Vha68-2/Stacl/Ca-alpha1T/Rgk1/pHCl-1/Vha68-1/Neto/Vha13/para,93
GO:0098655,cation transmembrane transport,93/2241,229/8890,1.6080439827248915e-7,1.632783120920659e-5,1.534477598090109e-5,nAChRalpha1/nAChRalpha2/eag/Ca-alpha1D/Atpalpha/Sh/Shaw/Shal/ATPsynbeta/SerT/RyR/Elk/ine/nrv2/ppk/ZnT41F/CG1688/ZnT35C/Nckx30C/CG15279/SK/NAAT1/CG1628/CG1824/CG4239/ppk23/OtopLb/CG13794/Ostgamma/CG7781/CG14275/CG4995/Vha100-5/atilla/CG9336/CG9338/nrv3/sand/CG1698/KCNQ/CG6329/DAT/levy/galene/VhaM9.7-a/ppk26/crim/Ncc69/CG1090/Task7/Tpc1/Zip89B/Vha100-4/KaiR1D/ATPsynC/Gat/Vha36-3/CG31030/NKCC/CG31676/ppk13/Mid1/pain/Ctr1A/Rgk2/CG34396/Rgk3/Sec61alpha/CG42260/OtopLc/CG42340/Ca-beta/OtopLa/CG31904/qvr/CG42594/stj/rtv/CngA/Ca-Ma2d/Shab/CG43155/ND4/Ih/Vha68-2/Stacl/Ca-alpha1T/Rgk1/Vha68-1/Neto/CngB/Vha13/para,93
GO:0098662,inorganic cation transmembrane transport,85/2241,206/8890,2.4237693174195016e-7,2.3699077770324016e-5,2.2272219419718383e-5,eag/Ca-alpha1D/Atpalpha/Sh/Shaw/Shal/ATPsynbeta/SerT/RyR/Elk/ine/nrv2/ppk/ZnT41F/CG1688/ZnT35C/Nckx30C/CG15279/SK/NAAT1/CG1824/CG4239/ppk23/OtopLb/CG13794/Ostgamma/CG7781/CG14275/Vha100-5/atilla/CG9336/CG9338/nrv3/sand/CG1698/KCNQ/CG6329/DAT/levy/galene/VhaM9.7-a/ppk26/crim/Ncc69/CG1090/Task7/Zip89B/Vha100-4/KaiR1D/ATPsynC/Gat/Vha36-3/CG31030/NKCC/CG31676/ppk13/Mid1/pain/Ctr1A/Rgk2/CG34396/Rgk3/Sec61alpha/OtopLc/CG42340/Ca-beta/OtopLa/CG31904/qvr/CG42594/stj/rtv/Ca-Ma2d/Shab/CG43155/ND4/Ih/Vha68-2/Stacl/Ca-alpha1T/Rgk1/Vha68-1/Neto/Vha13/para,85
GO:0042391,regulation of membrane potential,38/2241,72/8890,4.62015902001383e-7,4.3561499331558975e-5,4.0938777481851875e-5,nAChRalpha1/nAChRbeta1/nAChRalpha2/eag/Sh/nAChRbeta2/Rdl/Lcch3/Nmdar1/Elk/Moe/Rab6/GluClalpha/Eaat1/CG1688/nAChRalpha5/NtR/SK/VGlut/nAChRalpha6/sand/galene/SecCl/Task7/jus/shakB/CG34396/CG42340/qvr/CG42594/Shab/CG43155/Ih/Slob/Ca-alpha1T/Fife/pHCl-1/para,38
GO:0071875,adrenergic receptor signaling pathway,10/2241,10/8890,1.0206267772555317e-6,8.981515639848679e-5,8.44076250523259e-5,Oct-TyrR/DopEcR/Octbeta2R/TyrRII/TyrR/Octbeta1R/CG12290/Dop2R/Octbeta3R/Dop1R2,10
GO:0071880,adenylate cyclase-activating adrenergic receptor signaling pathway,10/2241,10/8890,1.0206267772555317e-6,8.981515639848679e-5,8.44076250523259e-5,Oct-TyrR/DopEcR/Octbeta2R/TyrRII/TyrR/Octbeta1R/CG12290/Dop2R/Octbeta3R/Dop1R2,10
GO:0010171,body morphogenesis,17/2241,23/8890,1.2835113041208185e-6,1.0930547880254711e-4,1.0272448705646077e-4,Dfd/lab/Ndg/TwdlT/Twdlbeta/TwdlG/TwdlW/TwdlM/TwdlP/TwdlL/TwdlO/TwdlN/TwdlD/TwdlQ/TwdlY/TwdlX/Tb,17
GO:0044057,regulation of system process,33/2241,63/8890,3.2571280247340474e-6,2.687130620405589e-4,2.5253456428612337e-4,eag/rut/up/Rdl/TkR99D/Ms/Dop1R1/Nos/tim/vri/Acer/Clk/CG3078/b6/Oamb/Eaat1/Amph/CG4928/AstC/KCNQ/ITP/SecCl/CG15537/Sox102F/pain/Ctr1A/Nox/qvr/Shab/CG43778/rad/SclA/SclB,33
GO:0007193,adenylate cyclase-inhibiting G protein-coupled receptor signaling pathway,13/2241,16/8890,4.0902316770416036e-6,3.1759445962911275e-4,2.9847294312034244e-4,mAChR-A/5-HT1A/Ac76E/GABA-B-R2/MsR1/TyrRII/Octalpha2R/ACXD/CG32301/CG32305/GABA-B-R1/5-HT1B/CG43373,13
GO:0015837,amine transport,13/2241,16/8890,4.0902316770416036e-6,3.1759445962911275e-4,2.9847294312034244e-4,bw/st/w/Syt1/Syt4/KaiR1D/Syt7/prt/CG32850/Vmat/Syt12/Sytbeta/Ih,13
GO:0098609,cell-cell adhesion,58/2241,135/8890,4.383883525908994e-6,3.306700716685641e-4,3.107613073854887e-4,by/CG17716/Fas2/Fas3/fw/if/rk/mew/aos/Con/Itgbn/tutl/beat-Ia/RhoL/CadN/klg/Cad96Ca/caps/Flo1/wrapper/Timp/kirre/bdl/beat-Ic/CG9095/bves/Nlg2/CG13506/CG10339/CG7166/beat-Vc/beat-Va/beat-Vb/Cad88C/Cad89D/beat-IIb/beat-IIa/beat-IV/Cad96Cb/beat-VI/Cad99C/Cals/Nlg1/fred/beat-IIIb/Nlg3/Nlg4/beat-VII/rhea/Dscam3/Cad86C/CadN2/nrm/Nrg/CG44153/Dscam2/beat-IIIa/disco-r,58
GO:0007606,sensory perception of chemical stimulus,45/2241,97/8890,4.527773541272427e-6,3.3203672635997793e-4,3.120456794379857e-4,eag/Galphas/if/Sh/Klp64D/mew/Oct-TyrR/TkR99D/Galphaf/Obp28a/Dyrk2/geko/dpr18/Ir25a/dpr19/Obp44a/dpr13/Obp56a/Obp56d/dpr20/Or71a/Desi/dpr5/ATP8B/dpr15/dpr9/Obp99a/Obp99c/Obp99d/Obp99b/dpr1/Obp83g/Obp83ef/Obp83cd/dpr17/dpr10/dpr8/dpr11/dpr7/dpr4/dpr3/dpr12/pdm3/Ggamma30A/Tmc,45
GO:0007271,"synaptic transmission, cholinergic",19/2241,29/8890,5.374931407030524e-6,3.7402148060934387e-4,3.515026434594192e-4,Ace/nAChRalpha1/nAChRbeta1/nAChRalpha2/na/nAChRbeta2/CG7781/CG14275/nAChRalpha6/atilla/CG9336/CG9338/CG6329/crim/mAChR-B/RIC-3/CG31676/qvr/rtv,19
GO:0043269,regulation of ion transport,37/2241,75/8890,5.394532578067713e-6,3.7402148060934387e-4,3.515026434594192e-4,eag/tipE/Syt1/nrv2/CG3078/CG4928/Syt4/Usp2/CG7781/CG14275/atilla/CG9336/CG9338/CG6329/levy/Teh2/crim/Teh1/KaiR1D/Syt7/CG31676/CG32850/Rgk2/Rgk3/Sec61alpha/Ca-beta/qvr/stj/Syt12/Sytbeta/rtv/Ih/Stacl/dysc/Slob/Rgk1/Neto,37
GO:0007610,behavior,166/2241,489/8890,5.525317327183489e-6,3.7402148060934387e-4,3.515026434594192e-4,Adh/Appl/b/bsk/Ddc/eag/Fas2/Gld/Galphas/Hn/kay/na/Atpalpha/Pkc98E/Poxn/rut/Sh/slo/sm/ss/tipE/w/5-HT1A/Syt1/Rdl/Gad1/5-HT7/Syn/TkR99D/rho/fru/14-3-3zeta/Shal/Calr/ple/Nmdar1/tutl/bol/Ms/Dop1R1/EbpIII/Rac2/cher/tim/dare/Cyp6a17/Drip/vri/Acer/Dyrk2/klg/mGluR/ppk/geko/Gpo1/Tsf1/Pka-R2/CRMP/Clk/Pdf/amon/Oamb/moody/cry/Nsun2/Eaat1/SPARC/Inx7/Cdk5alpha/Nep2/GABA-B-R2/qtc/qsm/aru/SPR/ppk23/CG6123/CCKLR-17D3/fipi/meng/Nlg2/Dh31/AstC/sNPF/sand/dila/VGAT/Hr51/DAT/Obp56a/Obp56d/CG10433/ITP/MsR1/FMRFaR/DopEcR/Lkr/ppk26/Tat/CrzR/Mip/sNPF-R/NPFR/dpr9/CG8907/unc79/Ktl/hdly/Nrx-1/Root/unc80/jus/Obp99a/Obp99b/CDase/dpr1/rho-5/prt/mtt/Tdc2/Gba1b/Trim9/Rbfox1/Krn/shep/Nmdar2/Dop2R/Mid1/pain/shakB/fne/DCX-EMAP/futsch/brp/Tdc1/qvr/Pdfr/2mit/verm/nemy/Ank2/cu/TfAP-2/Shab/dati/Ih/Hmgcr/dysc/orb2/CaMKII/Rgk1/Pde1c/Nrg/tn/Neto/mbl/rad/CrebB/rg/lov/Dop1R2/lncRNA:yar/unc-104/Tmc/Phm/para,166
GO:2001257,regulation of cation channel activity,18/2241,27/8890,6.62415366269931e-6,4.371941417381545e-4,4.108718469205862e-4,eag/CG7781/CG14275/atilla/CG9336/CG9338/CG6329/crim/CG31676/Rgk2/Rgk3/Ca-beta/qvr/stj/rtv/Stacl/Rgk1/Neto,18
GO:0003013,circulatory system process,25/2241,44/8890,7.678955428664436e-6,4.826771983731931e-4,4.5361648985869864e-4,eag/up/cora/sinu/RyR/Ms/Nos/Nrx-IV/tim/vri/Acer/H15/Clk/Scgdelta/AstC/KCNQ/Sox102F/wry/pain/Ctr1A/Shab/rad/SclA/SclB/wupA,25
GO:0003015,heart process,25/2241,44/8890,7.678955428664436e-6,4.826771983731931e-4,4.5361648985869864e-4,eag/up/cora/sinu/RyR/Ms/Nos/Nrx-IV/tim/vri/Acer/H15/Clk/Scgdelta/AstC/KCNQ/Sox102F/wry/pain/Ctr1A/Shab/rad/SclA/SclB/wupA,25
GO:0007267,cell-cell signaling,161/2241,475/8890,8.47637283200684e-6,5.204098668953037e-4,4.890773749091829e-4,Ace/nAChRalpha1/mAChR-A/nAChRbeta1/nAChRalpha2/boss/Cat/ChAT/comt/Fas2/Galphas/kn/na/Atpalpha/nau/rt/rut/Sh/slo/svp/nAChRbeta2/5-HT1A/Ser/Syt1/Rdl/Wnt2/Klp64D/5-HT7/Rop/Syn/Cbp53E/TkR99D/Shal/Rab3/CanB/Wnt5/Lcch3/Nmdar1/Wnt4/Snap25/Dop1R1/nSyb/Ipp/Dyrk2/stnB/mGluR/dtr/wit/b6/Oamb/GluClalpha/Srpk79D/Eaat1/fz3/GABA-B-R2/Syt4/GluRIID/gammaSnap1/nAChRalpha5/NtR/p24-1/Rab3-GEF/Frq1/wgn/Syx16/GABA-B-R3/VGlut/Nlg2/Wnt6/CG7781/CG14275/nAChRalpha6/atilla/PICK1/twit/CG9336/CG9338/Mmp2/Dyb/Drl-2/CG6329/Syngr/VGAT/DAT/P32/Swim/sona/CG10339/ebd1/Oseg4/spz5/FMRFaR/unc-13-4A/PGRP-LC/crim/SecCl/cmpy/NPFR/Neurochondrin/mAChR-B/KaiR1D/Nrx-1/Cow/Bili/Tusp/CG15537/CDase/kek6/Syt7/CG11155/Cals/cpx/Notum/GluRIIC/RIC-3/Nlg1/GluRIIE/CG31475/CG31676/lncRNA:CR31781/CG32447/X11Lbeta/CG32850/Rim/Cadps/Frq2/Nlg3/Nlg4/beta-Spec/brp/Ca-beta/GABA-B-R1/qvr/rempA/stj/Syt12/Sytbeta/rtv/NT1/Exn/nemy/Ank2/Rbp/Shab/5-HT1B/Acsl/Ih/nwk/dally/cpo/dysc/Slob/Glut1/Fife/CaMKII/pHCl-1/Neto/Esyt2/unc-104/otk2/VAChT,161
GO:0007617,mating behavior,44/2241,97/8890,1.182545512183974e-5,7.095273073103844e-4,6.668085579468007e-4,eag/Gld/Poxn/rut/Sh/slo/ss/tipE/w/5-HT1A/5-HT7/Syn/fru/ple/bol/EbpIII/Rac2/tim/mGluR/Pdf/Oamb/Nep2/qtc/SPR/ppk23/fipi/Nlg2/Dh31/CG10433/Ktl/hdly/prt/shep/pain/fne/TfAP-2/dati/orb2/CaMKII/Pde1c/Nrg/mbl/lov/para,44
GO:0019098,reproductive behavior,47/2241,106/8890,1.2758767703669328e-5,7.315017047981609e-4,6.874599354901377e-4,eag/Gld/Poxn/rut/Sh/slo/ss/tipE/w/5-HT1A/5-HT7/Syn/fru/ple/bol/EbpIII/Rac2/tim/Drip/mGluR/Pdf/Oamb/Nep2/qtc/SPR/ppk23/fipi/Nlg2/Dh31/CG10433/Ktl/hdly/prt/Tdc2/shep/pain/fne/TfAP-2/dati/orb2/CaMKII/Pde1c/Nrg/mbl/lov/Tmc/para,47
GO:0030239,myofibril assembly,25/2241,45/8890,1.3162146019326146e-5,7.315017047981609e-4,6.874599354901377e-4,Actn/if/Mlc2/Prm/rt/Tm2/up/bt/l(2)efl/cher/Mlp84B/Scgdelta/CG14964/Zasp66/rols/sals/Unc-89/tw/sls/flr/rhea/Mhc/tn/Zasp52/wupA,25
GO:0055002,striated muscle cell development,25/2241,45/8890,1.3162146019326146e-5,7.315017047981609e-4,6.874599354901377e-4,Actn/if/Mlc2/Prm/rt/Tm2/up/bt/l(2)efl/cher/Mlp84B/Scgdelta/CG14964/Zasp66/rols/sals/Unc-89/tw/sls/flr/rhea/Mhc/tn/Zasp52/wupA,25
GO:0120192,tight junction assembly,23/2241,40/8890,1.357711497542041e-5,7.315017047981609e-4,6.874599354901377e-4,Gli/Atpalpha/sinu/pck/Nrx-IV/nrv2/wun/Tsp2A/moody/bark/kune/CG13704/crim/Tsf2/CG9628/Ssk/M6/mesh/vari/bou/sdt/Nrg/CG44325,23
GO:0120193,tight junction organization,23/2241,40/8890,1.357711497542041e-5,7.315017047981609e-4,6.874599354901377e-4,Gli/Atpalpha/sinu/pck/Nrx-IV/nrv2/wun/Tsp2A/moody/bark/kune/CG13704/crim/Tsf2/CG9628/Ssk/M6/mesh/vari/bou/sdt/Nrg/CG44325,23
GO:0008045,motor neuron axon guidance,36/2241,75/8890,1.5745321432862324e-5,8.313529716551306e-4,7.812994235211895e-4,Fas2/Glt/Lim3/tup/Ptp99A/Wnt4/beat-Ia/Rac2/cher/NetA/NetB/side/ko/caps/Cdk5alpha/beat-Ic/CG6867/Oli/Mmp2/Drl-2/spz5/beat-Vc/beat-Va/beat-Vb/beat-IIb/beat-IIa/beat-VI/beat-IIIb/Mp/conv/haf/NT1/dally/Nrg/beat-IIIa/trol,36
GO:0008015,blood circulation,20/2241,33/8890,1.7004943679508182e-5,8.63327909882723e-4,8.11349235882607e-4,eag/up/RyR/Ms/Nos/tim/vri/Acer/Clk/Scgdelta/AstC/KCNQ/Sox102F/pain/Ctr1A/Shab/rad/SclA/SclB/wupA,20
GO:0060047,heart contraction,20/2241,33/8890,1.7004943679508182e-5,8.63327909882723e-4,8.11349235882607e-4,eag/up/RyR/Ms/Nos/tim/vri/Acer/Clk/Scgdelta/AstC/KCNQ/Sox102F/pain/Ctr1A/Shab/rad/SclA/SclB/wupA,20
GO:0009187,cyclic nucleotide metabolic process,17/2241,26/8890,1.7775241371053575e-5,8.854082494260648e-4,8.32100176992518e-4,rut/Ac76E/Gyc32E/Gycalpha99B/Gycbeta100B/CG10738/Pde6/Gyc88E/Gyc89Db/ACXD/CG32301/CG32305/CG34357/Pde9/CG43373/Pde1c/Pde8,17
GO:0055001,muscle cell development,30/2241,59/8890,1.9486904563333193e-5,9.526931119851782e-4,8.953339971886226e-4,Col4a1/Actn/if/Mlc2/Prm/rt/sd/Tm2/up/bt/htl/l(2)efl/cher/Mlp84B/Scgdelta/CG14964/Zasp66/rols/sals/Unc-89/tw/sls/flr/rhea/LanB1/Mhc/tn/Zasp52/br/wupA,30
GO:0040011,locomotion,146/2241,430/8890,2.0303226190405187e-5,9.745548571394489e-4,9.158795048954073e-4,bsk/Ddc/Fas2/Fas3/FER/Glt/if/kay/klar/Gli/Ca-alpha1D/Lim3/sas/LanA/Mlc2/pk/Pu/sm/svp/tup/w/ct/Ptp99A/mew/fru/eIF2beta/ple/nvy/slbo/dac/Con/Wnt5/htl/Nmdar1/Wnt4/tutl/Dop1R1/Moe/Tig/beat-Ia/Gycalpha99B/Rac2/Tie/cher/tim/tap/CadN/NetA/NetB/Rab6/side/wun/ko/Nrk/Dad/CG7179/Pka-R2/caps/Pdf/CG3857/cry/Timp/Cdk5alpha/jbug/bdl/beat-Ic/Clic/CG6867/wgn/Pvf1/daw/Pvf2/Pvr/Oli/Dscam1/Mmp2/Drl-2/Hr51/Syn2/CG15611/lms/spz5/RhoGEF64C/atk/M6/Syn1/laza/beat-Vc/beat-Va/beat-Vb/beat-IIb/beat-IIa/Ktl/Nrx-1/CG6330/beat-VI/DIP-gamma/RhoGAP100F/robo3/yuri/CG30456/Unc-115a/Trim9/Krn/gogo/shep/CG33111/beat-IIIb/dpr11/pain/CG34353/Pvf3/spri/sls/puc/beta-Spec/mmy/flr/Mp/Pdfr/Dscam3/conv/haf/NT1/pdm3/Msp300/CadN2/Evi5/Acsl/Hmgcr/dally/Stacl/dysc/Sema2b/Mhc/Nrg/CG44153/Dscam2/Neto/beat-IIIa/rdgC/lov/unc-104/ap/br/trol,146
GO:0007156,homophilic cell adhesion via plasma membrane adhesion molecules,24/2241,44/8890,2.955730633754755e-5,0.0013934158701986703,0.0013095220119849547,Fas2/Fas3/fw/Con/tutl/CadN/klg/Cad96Ca/caps/wrapper/kirre/bdl/CG13506/CG7166/Cad88C/Cad89D/Cad96Cb/Cad99C/Cals/Dscam3/Cad86C/CadN2/CG44153/Dscam2,24
GO:0015844,monoamine transport,10/2241,12/8890,4.013291853530791e-5,0.0018587878058458401,0.0017468751428941966,Syt1/SerT/Syt4/DAT/Syt7/CG32850/Vmat/Syt12/Sytbeta/Ih,10
GO:0030198,extracellular matrix organization,30/2241,61/8890,4.4404954698280064e-5,0.0020211910414389546,0.001899500512229512,Col4a1/LanA/Ppn/vkg/Timp/Ndg/SPARC/prc/AdamTS-B/Muc18B/obst-A/loh/Mmp2/CG15080/sona/Mmp1/CG5455/Cad99C/nord/nolo/CG31915/psd/mmy/Mp/mfas/LanB1/CG43333/LanB2/AdamTS-A/ich,30
GO:0043266,regulation of potassium ion transport,15/2241,23/8890,5.9072243344126275e-5,0.0026047044681704453,0.0024478821497120177,eag/nrv2/CG3078/CG4928/CG7781/CG14275/atilla/CG9336/CG9338/CG6329/crim/CG31676/qvr/rtv/Neto,15
GO:0061061,muscle structure development,78/2241,209/8890,5.919782882205557e-5,0.0026047044681704453,0.0024478821497120177,Col4a1/cv/Pkg21D/Actn/if/klar/kn/Mlc2/Mp20/nau/slou/Prm/rt/sd/sr/tup/Ubx/Tm2/blow/up/Wnt2/mew/fru/bap/bt/Wnt5/htl/LamC/cora/Sply/l(2)efl/mas/Rac2/cher/Mlp84B/ara/caup/vkg/mspo/Dad/HLH54F/Scgdelta/kirre/Him/CG11617/Tsp/jp/CAP/pyr/lms/ebd1/CG14964/slow/Zasp66/ebd2/Whamy/Scgbeta/rols/Pax/sals/Unc-89/tw/sls/CG42319/flr/rhea/Antp/LanB1/Msp300/tx/CG43897/Mhc/tn/mbl/Zasp52/ap/br/wupA,78
GO:0008016,regulation of heart contraction,17/2241,28/8890,7.158661410747105e-5,0.003048204213608445,0.002864679956728511,eag/up/Ms/Nos/tim/vri/Acer/Clk/AstC/KCNQ/Sox102F/pain/Ctr1A/Shab/rad/SclA/SclB,17
GO:1903522,regulation of blood circulation,17/2241,28/8890,7.158661410747105e-5,0.003048204213608445,0.002864679956728511,eag/up/Ms/Nos/tim/vri/Acer/Clk/AstC/KCNQ/Sox102F/pain/Ctr1A/Shab/rad/SclA/SclB,17
GO:1901016,regulation of potassium ion transmembrane transporter activity,13/2241,19/8890,8.99026399697994e-5,0.003767348722543975,0.003540526690205801,eag/nrv2/CG7781/CG14275/atilla/CG9336/CG9338/CG6329/crim/CG31676/qvr/rtv/Neto,13
GO:0007517,muscle organ development,38/2241,86/8890,9.22232044661487e-5,0.0038042071842286336,0.003575166002084087,cv/if/klar/kn/nau/slou/rt/sr/Ubx/up/Wnt2/mew/fru/bap/Wnt5/htl/LamC/mas/Rac2/Dad/HLH54F/kirre/Him/CG11617/Tsp/jp/CAP/pyr/slow/Scgbeta/tw/sls/rhea/Msp300/Mhc/mbl/ap/wupA,38
GO:0019991,septate junction assembly,20/2241,36/8890,9.669344896498185e-5,0.0038176028119100707,0.0035877551147017695,Gli/Atpalpha/sinu/pck/Nrx-IV/nrv2/wun/Tsp2A/moody/kune/CG13704/crim/Tsf2/CG9628/Ssk/mesh/vari/bou/Nrg/CG44325,20
GO:0045214,sarcomere organization,20/2241,36/8890,9.669344896498185e-5,0.0038176028119100707,0.0035877551147017695,Actn/if/rt/Tm2/up/bt/l(2)efl/cher/Mlp84B/Scgdelta/CG14964/rols/sals/Unc-89/tw/sls/flr/rhea/Mhc/wupA,20
GO:0042330,taxis,114/2241,332/8890,9.688613196892984e-5,0.0038176028119100707,0.0035877551147017695,bsk/Ddc/Fas2/Fas3/FER/Glt/if/Lim3/sas/LanA/pk/sm/svp/tup/w/ct/Ptp99A/mew/fru/eIF2beta/ple/nvy/dac/Con/Wnt5/Nmdar1/Wnt4/tutl/Dop1R1/Moe/Tig/beat-Ia/Gycalpha99B/Rac2/cher/tim/tap/CadN/NetA/NetB/Rab6/side/wun/ko/Nrk/Dad/Pka-R2/caps/Pdf/CG3857/cry/Timp/Cdk5alpha/jbug/bdl/beat-Ic/Clic/CG6867/wgn/daw/Oli/Dscam1/Mmp2/Drl-2/Hr51/CG15611/spz5/RhoGEF64C/M6/laza/beat-Vc/beat-Va/beat-Vb/beat-IIb/beat-IIa/CG6330/beat-VI/DIP-gamma/RhoGAP100F/robo3/yuri/CG30456/Unc-115a/Trim9/gogo/shep/beat-IIIb/dpr11/pain/CG34353/beta-Spec/mmy/Mp/Pdfr/Dscam3/conv/haf/NT1/pdm3/CadN2/Acsl/Hmgcr/dally/dysc/Sema2b/Nrg/CG44153/Dscam2/beat-IIIa/rdgC/lov/ap/br/trol,114
GO:0007608,sensory perception of smell,23/2241,44/8890,1.0428696661063066e-4,0.004048788115471543,0.003805021366892515,eag/if/Klp64D/mew/Oct-TyrR/TkR99D/Obp28a/Dyrk2/geko/Ir25a/Obp44a/Obp56a/Obp56d/Or71a/ATP8B/Obp99a/Obp99c/Obp99d/Obp99b/Obp83g/Obp83ef/Obp83cd/pdm3,23
GO:0022898,regulation of transmembrane transporter activity,21/2241,39/8890,1.1904421400149424e-4,0.004178030028130704,0.003926481968223313,eag/nrv2/CG7781/CG14275/atilla/CG9336/CG9338/CG6329/levy/crim/CG31676/Rgk2/Rgk3/Ca-beta/qvr/stj/rtv/Stacl/dysc/Rgk1/Neto,21
GO:0032409,regulation of transporter activity,21/2241,39/8890,1.1904421400149424e-4,0.004178030028130704,0.003926481968223313,eag/nrv2/CG7781/CG14275/atilla/CG9336/CG9338/CG6329/levy/crim/CG31676/Rgk2/Rgk3/Ca-beta/qvr/stj/rtv/Stacl/dysc/Rgk1/Neto,21
GO:0032412,regulation of ion transmembrane transporter activity,21/2241,39/8890,1.1904421400149424e-4,0.004178030028130704,0.003926481968223313,eag/nrv2/CG7781/CG14275/atilla/CG9336/CG9338/CG6329/levy/crim/CG31676/Rgk2/Rgk3/Ca-beta/qvr/stj/rtv/Stacl/dysc/Rgk1/Neto,21
GO:0071867,response to monoamine,11/2241,15/8890,1.2334845244226062e-4,0.004178030028130704,0.003926481968223313,Galphas/Sh/5-HT1A/5-HT7/Galphaf/Dop1R1/Gbeta5/sand/Dop2R/5-HT1B/Dop1R2,11
GO:0071868,cellular response to monoamine stimulus,11/2241,15/8890,1.2334845244226062e-4,0.004178030028130704,0.003926481968223313,Galphas/Sh/5-HT1A/5-HT7/Galphaf/Dop1R1/Gbeta5/sand/Dop2R/5-HT1B/Dop1R2,11
GO:0071869,response to catecholamine,11/2241,15/8890,1.2334845244226062e-4,0.004178030028130704,0.003926481968223313,Galphas/Sh/5-HT1A/5-HT7/Galphaf/Dop1R1/Gbeta5/sand/Dop2R/5-HT1B/Dop1R2,11
GO:0071870,cellular response to catecholamine stimulus,11/2241,15/8890,1.2334845244226062e-4,0.004178030028130704,0.003926481968223313,Galphas/Sh/5-HT1A/5-HT7/Galphaf/Dop1R1/Gbeta5/sand/Dop2R/5-HT1B/Dop1R2,11
GO:1903350,response to dopamine,11/2241,15/8890,1.2334845244226062e-4,0.004178030028130704,0.003926481968223313,Galphas/Sh/5-HT1A/5-HT7/Galphaf/Dop1R1/Gbeta5/sand/Dop2R/5-HT1B/Dop1R2,11
GO:1903351,cellular response to dopamine,11/2241,15/8890,1.2334845244226062e-4,0.004178030028130704,0.003926481968223313,Galphas/Sh/5-HT1A/5-HT7/Galphaf/Dop1R1/Gbeta5/sand/Dop2R/5-HT1B/Dop1R2,11
GO:0042692,muscle cell differentiation,44/2241,105/8890,1.2344179628567988e-4,0.004178030028130704,0.003926481968223313,Col4a1/Actn/if/kn/Mlc2/Mp20/slou/Prm/rt/sd/tup/Ubx/Tm2/blow/up/bt/htl/l(2)efl/Rac2/cher/Mlp84B/ara/caup/mspo/Scgdelta/kirre/CG14964/Zasp66/Whamy/rols/Pax/sals/Unc-89/tw/sls/flr/rhea/Antp/LanB1/Mhc/tn/Zasp52/br/wupA,44
GO:0006937,regulation of muscle contraction,9/2241,11/8890,1.3385274122978643e-4,0.004362607862304151,0.004099946862619969,up/Ms/CG3078/Eaat1/Amph/CG4928/Nox/SclA/SclB,9
GO:0015872,dopamine transport,9/2241,11/8890,1.3385274122978643e-4,0.004362607862304151,0.004099946862619969,Syt1/Syt4/DAT/Syt7/CG32850/Vmat/Syt12/Sytbeta/Ih,9
GO:0051937,catecholamine transport,9/2241,11/8890,1.3385274122978643e-4,0.004362607862304151,0.004099946862619969,Syt1/Syt4/DAT/Syt7/CG32850/Vmat/Syt12/Sytbeta/Ih,9
GO:0007619,courtship behavior,30/2241,64/8890,1.363866403876522e-4,0.004390984519797583,0.004126615037146293,eag/Poxn/rut/Sh/slo/ss/tipE/w/5-HT1A/5-HT7/Syn/fru/ple/mGluR/Oamb/qtc/ppk23/fipi/Nlg2/Dh31/Ktl/shep/pain/fne/TfAP-2/orb2/CaMKII/Nrg/lov/para,30
GO:0007218,neuropeptide signaling pathway,22/2241,42/8890,1.4128398214488457e-4,0.004493851962198738,0.004223289104825529,rk/TkR99D/Ms/AstA/Pdf/CCKLR-17D3/CG13995/sNPF/CCHa2-R/ITP/Nplp1/MsR1/FMRFaR/CrzR/Mip/AstC-R2/sNPF-R/NPFR/CCHa2/CG32547/Pdfr/AstA-R1,22
GO:0007157,heterophilic cell-cell adhesion via plasma membrane cell adhesion molecules,16/2241,27/8890,1.7557058168978358e-4,0.005517932567393198,0.005185712544396239,if/mew/Itgbn/beat-Ia/kirre/beat-Ic/beat-Vc/beat-Va/beat-Vb/beat-IIb/beat-IIa/beat-IV/beat-VI/beat-IIIb/beat-VII/beat-IIIa,16
GO:0006836,neurotransmitter transport,49/2241,122/8890,1.8430844311715923e-4,0.005724403409756475,0.005379752327271137,bw/comt/st/w/Syt1/Rop/Syn/Rab3/CanB/SerT/Snap25/ine/nSyb/GABA-B-R2/Syt4/gammaSnap1/CG15279/NAAT1/Rab3-GEF/Frq1/Syx16/VGlut/CG13794/twit/CG1698/Dyb/Syngr/VGAT/DAT/unc-13-4A/KaiR1D/CDase/Syt7/cpx/prt/Rim/Cadps/Frq2/brp/CG31904/Vmat/Syt12/Sytbeta/Exn/nemy/CG43066/Ih/Fife/Esyt2,49
GO:0052652,cyclic purine nucleotide metabolic process,13/2241,20/8890,1.9757463147797964e-4,0.005995368127607658,0.005634402981168761,rut/Ac76E/Gyc32E/Gycalpha99B/Gycbeta100B/CG10738/Gyc88E/Gyc89Db/ACXD/CG32301/CG32305/CG34357/CG43373,13
GO:1901379,regulation of potassium ion transmembrane transport,13/2241,20/8890,1.9757463147797964e-4,0.005995368127607658,0.005634402981168761,eag/nrv2/CG7781/CG14275/atilla/CG9336/CG9338/CG6329/crim/CG31676/qvr/rtv/Neto,13
GO:1901018,positive regulation of potassium ion transmembrane transporter activity,12/2241,18/8890,2.4777630662899255e-4,0.007433289198869777,0.006985750654599707,eag/nrv2/CG7781/CG14275/atilla/CG9336/CG9338/CG6329/crim/CG31676/qvr/rtv,12
GO:0035152,"regulation of tube architecture, open tracheal system",38/2241,90/8890,2.9065566118057726e-4,0.008621696017041844,0.00810260666354371,Fas2/if/kkv/klar/knk/Gli/Atpalpha/mew/rho/cora/sinu/Moe/pck/Nrx-IV/nrv2/Gasp/obst-A/bark/uif/kune/Mmp1/crim/M6/apn/wat/Vhl/vari/mmy/rhea/serp/Membrin/conv/rtv/bou/verm/Vha68-2/Nrg/ich,38
GO:1903818,positive regulation of voltage-gated potassium channel activity,11/2241,16/8890,3.0461020215982135e-4,0.008935232596688093,0.008397266040826887,eag/CG7781/CG14275/atilla/CG9336/CG9338/CG6329/crim/CG31676/qvr/rtv,11
GO:0015850,organic hydroxy compound transport,16/2241,28/8890,3.142158717995326e-4,0.009103224376208916,0.008555143482744982,Syt1/SerT/ScpX/Syt4/CG17597/DAT/Npc2b/Npc2g/Npc2h/Syt7/CG32850/Vmat/Syt12/Sytbeta/Npc1b/Ih,16
GO:0010959,regulation of metal ion transport,26/2241,55/8890,3.172335767466744e-4,0.009103224376208916,0.008555143482744982,eag/tipE/nrv2/CG3078/CG4928/Usp2/CG7781/CG14275/atilla/CG9336/CG9338/CG6329/Teh2/crim/Teh1/CG31676/Rgk2/Rgk3/Sec61alpha/Ca-beta/qvr/stj/rtv/Stacl/Rgk1/Neto,26
GO:0051146,striated muscle cell differentiation,35/2241,82/8890,3.884548125555473e-4,0.010802151191880018,0.010151782439896812,Col4a1/Actn/if/Mlc2/Mp20/Prm/rt/sd/Tm2/blow/up/bt/l(2)efl/Rac2/cher/Mlp84B/mspo/Scgdelta/kirre/CG14964/Zasp66/Whamy/rols/Pax/sals/Unc-89/tw/sls/flr/rhea/LanB1/Mhc/tn/Zasp52/wupA,35
GO:0006814,sodium ion transport,34/2241,79/8890,3.887137739502279e-4,0.010802151191880018,0.010151782439896812,Atpalpha/tipE/SerT/ine/nrv2/ppk/Nckx30C/CG15279/NAAT1/CG9657/ppk23/Nha1/CG13794/nrv3/CG1698/DAT/CG5687/Teh2/ppk26/Ncc69/CG1090/Teh1/CG6723/CG7720/salt/Gat/NKCC/CG32669/ppk13/CG42235/CG31904/Ih/Neto/para,34
GO:0030431,sleep,34/2241,79/8890,3.887137739502279e-4,0.010802151191880018,0.010151782439896812,rut/Sh/Shaw/5-HT1A/Rdl/Calr/CanB/tim/Acer/Clk/cry/GABA-B-R3/CG7781/CG14275/atilla/CG9336/CG9338/sand/CG6329/VGAT/DAT/crim/Ktl/CG31676/nur/Nlg4/qvr/rtv/TfAP-2/Shab/Ih/CrebB/Dop1R2/lncRNA:yar,34
GO:0009190,cyclic nucleotide biosynthetic process,13/2241,21/8890,3.9914096958320374e-4,0.010976376663538102,0.010315518259951877,rut/Ac76E/Gyc32E/Gycalpha99B/Gycbeta100B/CG10738/Gyc88E/Gyc89Db/ACXD/CG32301/CG32305/CG34357/CG43373,13
GO:0008049,male courtship behavior,25/2241,53/8890,4.2899598301635245e-4,0.011588064783006108,0.010890378266963876,Poxn/slo/ss/tipE/w/5-HT1A/5-HT7/Syn/fru/ple/mGluR/Oamb/qtc/ppk23/fipi/Nlg2/Ktl/pain/fne/TfAP-2/orb2/CaMKII/Nrg/lov/para,25
GO:0034330,cell junction organization,122/2241,371/8890,4.3016301088431765e-4,0.011588064783006108,0.010890378266963876,Act57B/Appl/Fas2/Galphas/kay/Gli/LanA/Atpalpha/rut/slo/Gad1/Syn/Rab3/htl/Itgbn/cora/sinu/Nos/repo/pck/Nrx-IV/Rac2/nrv2/lbm/wun/klg/mGluR/Dad/caps/wit/Tsp2A/Flo1/moody/Srpk79D/wrapper/kirre/Lrp4/dpr18/Frq1/bark/DIP-eta/Nlg2/dpr19/PICK1/kune/Mmp2/Dyb/Syn2/dpr13/Liprin-gamma/CG13506/CG10339/Mmp1/dpr20/CG13704/crim/Tsf2/CG9628/sff/Ssk/cmpy/M6/CG7166/Syn1/dpr5/dpr15/Octbeta2R/dpr9/Nrx-1/Octbeta1R/DIP-gamma/RhoGAP100F/mav/Cals/Aplip1/dpr1/cpx/metro/mesh/Nlg1/dpr17/CG31475/DIP-zeta/DIP-kappa/dpr10/dpr8/dpr11/dpr7/dpr4/dpr3/Frq2/Nlg3/Nlg4/shakB/dpr12/DIP-delta/vari/beta-Spec/futsch/DIP-beta/brp/DIP-epsilon/Ca-beta/mtg/stj/bou/CG42673/Ank2/CG42748/sdt/Rbp/nwk/dysc/Fife/CaMKII/Nrg/CG44325/Neto/CrebB/rg/ringer/unc-104,122
GO:0099054,presynapse assembly,8/2241,10/8890,4.3875217335690656e-4,0.011700057956184175,0.01099562862947612,Nrx-IV/Nlg2/CG10339/Nrx-1/Nlg1/Nlg3/Nlg4/Fife,8
GO:0060179,male mating behavior,27/2241,59/8890,4.706974217606384e-4,0.012426411934480854,0.011678250769366577,Poxn/slo/ss/tipE/w/5-HT1A/5-HT7/Syn/fru/ple/mGluR/Oamb/qtc/ppk23/fipi/Nlg2/Ktl/prt/pain/fne/TfAP-2/orb2/CaMKII/Pde1c/Nrg/lov/para,27
GO:0043268,positive regulation of potassium ion transport,12/2241,19/8890,5.184168780447522e-4,0.013417848608217115,0.012609995681645832,eag/nrv2/CG7781/CG14275/atilla/CG9336/CG9338/CG6329/crim/CG31676/qvr/rtv,12
GO:1901381,positive regulation of potassium ion transmembrane transport,12/2241,19/8890,5.184168780447522e-4,0.013417848608217115,0.012609995681645832,eag/nrv2/CG7781/CG14275/atilla/CG9336/CG9338/CG6329/crim/CG31676/qvr/rtv,12
GO:0070633,transepithelial transport,15/2241,27/8890,7.275980777556928e-4,0.018649115779369212,0.017526302189781993,kkv/knk/Ca-alpha1D/pck/Hr78/Alp4/bark/tpr/crim/SecCl/apn/wat/ClC-a/Np/Vha13,15
GO:0034765,regulation of ion transmembrane transport,22/2241,46/8890,7.397437481405867e-4,0.018778110529722582,0.01764753050979112,eag/nrv2/CG7781/CG14275/atilla/CG9336/CG9338/CG6329/levy/crim/CG31676/Rgk2/Rgk3/Sec61alpha/Ca-beta/qvr/stj/rtv/Stacl/dysc/Rgk1/Neto,22
GO:2001259,positive regulation of cation channel activity,13/2241,22/8890,7.513119907241627e-4,0.018890130052493233,0.01775280563545716,eag/CG7781/CG14275/atilla/CG9336/CG9338/CG6329/crim/CG31676/qvr/stj/rtv/Stacl,13
GO:0008037,cell recognition,46/2241,119/8890,7.770001729101821e-4,0.01902350511735395,0.017878150542904012,Fas2/Fas3/Glt/if/Gli/Ptp99A/mew/fru/eIF2beta/Con/hig/emp/Wnt4/tutl/beat-Ia/Nrx-IV/CadN/NetB/CG7179/bdl/beat-Ic/CG6867/Dscam1/Mmp2/Drl-2/wdp/Mmp1/CG12004/slow/CG6024/tey/lectin-28C/robo3/Trim9/Pvf3/dpr12/beta-Spec/pot/mmy/Dscam3/nrm/esn/Sema2b/CG44153/Dscam2/trol,46
GO:0008039,synaptic target recognition,23/2241,49/8890,7.854401734059017e-4,0.01902350511735395,0.017878150542904012,Fas3/Glt/Gli/Con/hig/Wnt4/tutl/Nrx-IV/NetB/CG7179/CG6867/Drl-2/wdp/CG12004/slow/CG6024/tey/robo3/Pvf3/dpr12/pot/nrm/Sema2b,23
GO:0035151,"regulation of tube size, open tracheal system",23/2241,49/8890,7.854401734059017e-4,0.01902350511735395,0.017878150542904012,Fas2/kkv/knk/Gli/Atpalpha/cora/sinu/pck/Nrx-IV/nrv2/Gasp/obst-A/bark/kune/Mmp1/crim/vari/mmy/serp/conv/rtv/verm/Nrg,23
GO:0042745,circadian sleep/wake cycle,23/2241,49/8890,7.854401734059017e-4,0.01902350511735395,0.017878150542904012,Sh/5-HT1A/Rdl/rho/tim/Acer/Clk/Pdf/Oamb/cry/Dh31/sand/DAT/ITP/rho-5/qvr/Pdfr/TfAP-2/Shab/Ih/CrebB/Dop1R2/lncRNA:yar,23
GO:0072529,pyrimidine-containing compound catabolic process,10/2241,15/8890,8.444143550614237e-4,0.020265944521474167,0.01904578597971077,b/CRMP/CG17896/CG11158/CG17224/CG8360/CG8353/CG5418/pyd3/CG6330,10
GO:0042749,regulation of circadian sleep/wake cycle,21/2241,44/8890,0.0010039643313845055,0.023664873525491917,0.022240074521365408,Sh/5-HT1A/Rdl/rho/tim/Acer/Clk/Pdf/Oamb/cry/Dh31/sand/rho-5/qvr/Pdfr/TfAP-2/Shab/Ih/CrebB/Dop1R2/lncRNA:yar,21
GO:1904062,regulation of cation transmembrane transport,21/2241,44/8890,0.0010039643313845055,0.023664873525491917,0.022240074521365408,eag/nrv2/CG7781/CG14275/atilla/CG9336/CG9338/CG6329/levy/crim/CG31676/Rgk2/Rgk3/Sec61alpha/Ca-beta/qvr/stj/rtv/Stacl/Rgk1/Neto,21
GO:0090257,regulation of muscle system process,9/2241,13/8890,0.001046433416189493,0.024447647953453645,0.02297572018592115,up/Ms/CG3078/Eaat1/Amph/CG4928/Nox/SclA/SclB,9
GO:0034762,regulation of transmembrane transport,22/2241,47/8890,0.0010634850278316975,0.02462807432873405,0.023145283569707402,eag/nrv2/CG7781/CG14275/atilla/CG9336/CG9338/CG6329/levy/crim/CG31676/Rgk2/Rgk3/Sec61alpha/Ca-beta/qvr/stj/rtv/Stacl/dysc/Rgk1/Neto,22
GO:0035150,regulation of tube size,24/2241,53/8890,0.001149511790066354,0.026388792398044994,0.024799993493696992,Fas2/kkv/knk/Gli/Atpalpha/cora/sinu/pck/Nrx-IV/nrv2/Gasp/obst-A/bark/kune/Mmp1/crim/tnc/vari/mmy/serp/conv/rtv/verm/Nrg,24
GO:0050954,sensory perception of mechanical stimulus,32/2241,77/8890,0.0011746858396443401,0.026734229453974634,0.025124632704552723,bw/salr/inaD/na/Atpalpha/ct/Klp64D/Nmdar1/Dhc93AB/nrv2/nompA/ppk/CG5921/CG8086/nrv3/Dscam1/CAP/Sans/ppk26/CG14636/Root/sosie/Cad99C/Nmdar2/pain/DCX-EMAP/rempA/Ank2/f/Tmhs/dysc/Tmc,32
GO:0046058,cAMP metabolic process,8/2241,11/8890,0.0012518173256958957,0.02800676050709462,0.026320548052321376,rut/Ac76E/ACXD/CG32301/CG32305/CG43373/Pde1c/Pde8,8
GO:0051952,regulation of amine transport,8/2241,11/8890,0.0012518173256958957,0.02800676050709462,0.026320548052321376,Syt1/Syt4/KaiR1D/Syt7/CG32850/Syt12/Sytbeta/Ih,8
GO:0008038,neuron recognition,44/2241,115/8890,0.0012777120665938095,0.028345881141240814,0.0266392511363256,Fas2/Fas3/Glt/if/Gli/Ptp99A/mew/fru/eIF2beta/Con/hig/Wnt4/tutl/beat-Ia/Nrx-IV/CadN/NetB/CG7179/bdl/beat-Ic/CG6867/Dscam1/Mmp2/Drl-2/wdp/Mmp1/CG12004/slow/CG6024/tey/robo3/Trim9/Pvf3/dpr12/beta-Spec/pot/mmy/Dscam3/nrm/esn/Sema2b/CG44153/Dscam2/trol,44
GO:0032222,"regulation of synaptic transmission, cholinergic",11/2241,18/8890,0.0013245131450149194,0.029139289190328228,0.027384890200001448,na/CG7781/CG14275/atilla/CG9336/CG9338/CG6329/crim/CG31676/qvr/rtv,11
GO:0050795,regulation of behavior,36/2241,90/8890,0.0013723237568911736,0.029941609241261966,0.02813890469762937,Fas2/Galphas/rut/Sh/5-HT1A/Rdl/rho/Dop1R1/tim/Drip/Acer/ppk/Clk/Pdf/Oamb/cry/SPR/Dh31/AstC/sand/ITP/Lkr/Mip/sNPF-R/Ktl/rho-5/Trim9/qvr/Pdfr/TfAP-2/Shab/Ih/CrebB/Dop1R2/lncRNA:yar/Tmc,36
GO:0032411,positive regulation of transporter activity,16/2241,31/8890,0.0014044262665713922,0.03014378328250793,0.0283289063783378,eag/nrv2/CG7781/CG14275/atilla/CG9336/CG9338/CG6329/levy/crim/CG31676/qvr/stj/rtv/Stacl/dysc,16
GO:0032414,positive regulation of ion transmembrane transporter activity,16/2241,31/8890,0.0014044262665713922,0.03014378328250793,0.0283289063783378,eag/nrv2/CG7781/CG14275/atilla/CG9336/CG9338/CG6329/levy/crim/CG31676/qvr/stj/rtv/Stacl/dysc,16
GO:0007635,chemosensory behavior,30/2241,72/8890,0.001572447359748622,0.03313233028499987,0.03113752092573553,Fas2/rut/Sh/Rdl/Gad1/Syn/TkR99D/Calr/Nmdar1/Dop1R1/dare/Dyrk2/Tsf1/Oamb/GABA-B-R2/aru/Obp56a/Obp56d/NPFR/CG8907/Obp99a/Obp99b/prt/Krn/pain/futsch/Ih/rad/rg/Tmc,30
GO:0034767,positive regulation of ion transmembrane transport,17/2241,34/8890,0.0015798549963157544,0.03313233028499987,0.03113752092573553,eag/nrv2/CG7781/CG14275/atilla/CG9336/CG9338/CG6329/levy/crim/CG31676/Sec61alpha/qvr/stj/rtv/Stacl/dysc,17
GO:0006865,amino acid transport,24/2241,54/8890,0.0015813157636022667,0.03313233028499987,0.03113752092573553,w/Eaat2/Eaat1/CG15279/NAAT1/CG1628/sbm/Ucp4A/CG12531/VGlut/CG4995/CG1698/CG8785/VGAT/Ncc69/CG13248/ChT/KaiR1D/CG17119/CG1607/Gat/NKCC/Ih/CG43693,24
GO:0042045,epithelial fluid transport,14/2241,26/8890,0.001641584629516765,0.03412427891278944,0.03206974696867812,kkv/knk/Ca-alpha1D/pck/Hr78/Alp4/bark/tpr/crim/apn/wat/ClC-a/Np/Vha13,14
GO:0048167,regulation of synaptic plasticity,18/2241,37/8890,0.0017294121011565777,0.03541840130868614,0.03328595370198295,Cat/comt/Fas2/Cbp53E/Rab3/Snap25/Syt4/spz5/PGRP-LC/Neurochondrin/kek6/Rim/brp/Syt12/NT1/nemy/Fife/Neto,18
GO:0035336,long-chain fatty-acyl-CoA metabolic process,10/2241,16/8890,0.001744087943230757,0.03541840130868614,0.03328595370198295,CG1441/CG8306/CG8303/CG5065/CG17562/CG17560/CG12268/wat/CG30427/Acsl,10
GO:0046068,cGMP metabolic process,10/2241,16/8890,0.001744087943230757,0.03541840130868614,0.03328595370198295,Gyc32E/Gycalpha99B/Gycbeta100B/CG10738/Pde6/Gyc88E/Gyc89Db/CG34357/Pde9/Pde1c,10
GO:0042044,fluid transport,15/2241,29/8890,0.0019189164656825868,0.038671293659557474,0.03634299806841187,kkv/knk/Ca-alpha1D/pck/Hr78/Drip/Alp4/bark/tpr/crim/apn/wat/ClC-a/Np/Vha13,15
GO:0043062,extracellular structure organization,31/2241,76/8890,0.0019926106529901152,0.039852213059802306,0.037452817456919474,Col4a1/LanA/Ppn/cher/vkg/Timp/Ndg/SPARC/prc/AdamTS-B/Muc18B/obst-A/loh/Mmp2/CG15080/sona/Mmp1/CG5455/Cad99C/nord/nolo/CG31915/psd/mmy/Mp/mfas/LanB1/CG43333/LanB2/AdamTS-A/ich,31
GO:0007631,feeding behavior,21/2241,46/8890,0.0020294590083154464,0.03998337150711028,0.03757607920345253,Galphas/Poxn/rut/sm/Rac2/ppk/SPARC/Dh31/AstC/sNPF/ITP/Lkr/Mip/sNPF-R/NPFR/dpr1/mtt/pain/TfAP-2/CrebB/lov,21
GO:0043297,apical junction assembly,21/2241,46/8890,0.0020294590083154464,0.03998337150711028,0.03757607920345253,Gli/Atpalpha/sinu/pck/Nrx-IV/nrv2/wun/Tsp2A/moody/kune/CG13704/crim/Tsf2/CG9628/Ssk/mesh/vari/bou/sdt/Nrg/CG44325,21
GO:0009612,response to mechanical stimulus,16/2241,32/8890,0.0021583426003170918,0.04159141945136585,0.03908731086398298,Atpalpha/Rdl/Gad1/tutl/ppk/GABA-B-R2/jbug/nrv3/Dscam1/ppk26/Root/jus/Gat/pain/Tmc/para,16
GO:0031589,cell-substrate adhesion,16/2241,32/8890,0.0021583426003170918,0.04159141945136585,0.03908731086398298,if/LanA/m/mew/Itgbn/Tig/Ndg/zye/Pax/mesh/dyl/LanB1/Sema2b/Zasp52/LanB2/tyn,16
GO:0072499,photoreceptor cell axon guidance,16/2241,32/8890,0.0021583426003170918,0.04159141945136585,0.03908731086398298,Fas2/Moe/Tig/NetA/NetB/Nrk/caps/jbug/wgn/DIP-gamma/Unc-115a/gogo/dpr11/beta-Spec/dysc/Nrg,16
GO:0017156,calcium-ion regulated exocytosis,9/2241,14/8890,0.0022753468093630116,0.0429065398337025,0.04032325135089187,Syt1/Syt4/Syt7/CG31475/Rim/Cadps/Syt12/Sytbeta/Fife,9
GO:0019934,cGMP-mediated signaling,9/2241,14/8890,0.0022753468093630116,0.0429065398337025,0.04032325135089187,Gyc32E/Gycalpha99B/Gycbeta100B/CG10738/Gyc88E/Gyc89Db/CG34357/Pde9/CngA,9
GO:0050878,regulation of body fluid levels,9/2241,14/8890,0.0022753468093630116,0.0429065398337025,0.04032325135089187,Glt/ine/Tg/Dh31/fon/PPO2/ClC-a/Spn28Da/CG42259,9
GO:0034764,positive regulation of transmembrane transport,17/2241,35/8890,0.0023586966679821084,0.044162831230303304,0.041503904788606424,eag/nrv2/CG7781/CG14275/atilla/CG9336/CG9338/CG6329/levy/crim/CG31676/Sec61alpha/qvr/stj/rtv/Stacl/dysc,17
GO:0043270,positive regulation of ion transport,18/2241,38/8890,0.0025211796962481756,0.046872636606304106,0.044050560000422165,eag/nrv2/CG7781/CG14275/atilla/CG9336/CG9338/CG6329/levy/crim/KaiR1D/CG31676/Sec61alpha/qvr/stj/rtv/Stacl/dysc,18
GO:0042048,olfactory behavior,27/2241,65/8890,0.002784218048722156,0.0510672916256568,0.04799266601342627,Fas2/rut/Rdl/Gad1/Syn/TkR99D/Calr/Nmdar1/Dop1R1/dare/Dyrk2/Tsf1/Oamb/GABA-B-R2/aru/Obp56a/Obp56d/NPFR/CG8907/Obp99a/Obp99b/prt/Krn/pain/futsch/rad/rg,27
GO:0001505,regulation of neurotransmitter levels,40/2241,106/8890,0.0027854886341267347,0.0510672916256568,0.04799266601342627,Ace/ChAT/comt/w/Syt1/Rop/Syn/Rab3/CanB/SerT/Snap25/nSyb/GABA-B-R2/Syt4/gammaSnap1/Rab3-GEF/Frq1/Syx16/twit/Dyb/Syngr/DAT/unc-13-4A/olf413/ChT/KaiR1D/CDase/Syt7/cpx/Rim/Cadps/Frq2/brp/Syt12/Sytbeta/Exn/nemy/Ih/Fife/Esyt2,40
GO:0006570,tyrosine metabolic process,8/2241,12/8890,0.002925427558461236,0.05326295692646665,0.05005613615457811,Ddc/Hn/ple/Faa/Hpd/yellow-f2/yellow-h/hgo,8
GO:0007411,axon guidance,86/2241,262/8890,0.003040675186293777,0.05498207186175049,0.05167174775843138,bsk/Fas2/Fas3/FER/Glt/if/Lim3/sas/LanA/pk/sm/tup/Ptp99A/mew/fru/eIF2beta/nvy/dac/Wnt5/Wnt4/tutl/Moe/Tig/beat-Ia/Rac2/cher/tap/CadN/NetA/NetB/Rab6/side/ko/Nrk/Dad/Pka-R2/caps/Cdk5alpha/jbug/bdl/beat-Ic/CG6867/wgn/daw/Oli/Dscam1/Mmp2/Drl-2/Hr51/CG15611/spz5/RhoGEF64C/beat-Vc/beat-Va/beat-Vb/beat-IIb/beat-IIa/beat-VI/DIP-gamma/RhoGAP100F/robo3/CG30456/Unc-115a/Trim9/gogo/beat-IIIb/dpr11/beta-Spec/mmy/Mp/Dscam3/conv/haf/NT1/pdm3/CadN2/Acsl/dally/dysc/Sema2b/Nrg/CG44153/Dscam2/beat-IIIa/ap/trol,86
GO:0035249,"synaptic transmission, glutamatergic",10/2241,17/8890,0.0032834888630823692,0.05896877958188744,0.05541842642524271,boss/mGluR/GluRIID/VGlut/KaiR1D/GluRIIC/GluRIIE/CG32447/Cadps/Ih,10
GO:0099003,vesicle-mediated transport in synapse,39/2241,104/8890,0.0035496261601078802,0.06251881696168807,0.058754725509848,bw/comt/st/w/Syt1/Rop/Syn/Rab3/Snap25/nSyb/stnB/stnA/GABA-B-R2/Syt4/gammaSnap1/Syx16/VGlut/Nlg2/Syngr/VGAT/CG10339/unc-13-4A/EndoA/Nrx-1/CDase/Syt7/cpx/prt/CG31030/Nlg1/Rim/Cadps/Nlg3/Nlg4/Vmat/stj/Sytbeta/Fife/Esyt2,39
GO:0099504,synaptic vesicle cycle,39/2241,104/8890,0.0035496261601078802,0.06251881696168807,0.058754725509848,bw/comt/st/w/Syt1/Rop/Syn/Rab3/Snap25/nSyb/stnB/stnA/GABA-B-R2/Syt4/gammaSnap1/Syx16/VGlut/Nlg2/Syngr/VGAT/CG10339/unc-13-4A/EndoA/Nrx-1/CDase/Syt7/cpx/prt/CG31030/Nlg1/Rim/Cadps/Nlg3/Nlg4/Vmat/stj/Sytbeta/Fife/Esyt2,39
GO:0009629,response to gravity,13/2241,25/8890,0.003599568249309313,0.06251881696168807,0.058754725509848,w/Pdf/CG3857/cry/Clic/CG6330/yuri/shep/pain/CG34353/Pdfr/lov/br,13
GO:0042332,gravitaxis,13/2241,25/8890,0.003599568249309313,0.06251881696168807,0.058754725509848,w/Pdf/CG3857/cry/Clic/CG6330/yuri/shep/pain/CG34353/Pdfr/lov/br,13
GO:0050830,defense response to Gram-positive bacterium,13/2241,25/8890,0.003599568249309313,0.06251881696168807,0.058754725509848,Dif/Mtk/spirit/PGRP-LE/sphe/PPO2/PGRP-SD/Sp7/PGRP-LB/Pebp1/SPE/Tep3/modSP,13
GO:0071709,membrane assembly,7/2241,10/8890,0.003670631561347152,0.0629251124802369,0.05913655905738371,Nrx-IV/Nlg2/CG10339/Nrx-1/Nlg1/Nlg3/Nlg4,7
GO:0097090,presynaptic membrane organization,7/2241,10/8890,0.003670631561347152,0.0629251124802369,0.05913655905738371,Nrx-IV/Nlg2/CG10339/Nrx-1/Nlg1/Nlg3/Nlg4,7
GO:1901606,alpha-amino acid catabolic process,21/2241,48/8890,0.0038268552883479845,0.06517998684670115,0.06125567344404889,Hn/v/Gad1/Nos/Faa/CG17896/ppl/CG7860/CG6415/Sardh/CG5493/CG6638/CG10361/CG7430/Hpd/P5CDh1/CG3999/CG5044/CG10184/hgo/Mccc2,21
GO:0035337,fatty-acyl-CoA metabolic process,14/2241,28/8890,0.004047178132044601,0.06848951116691616,0.06436594011978525,CG1441/CG8306/CG8303/CG5065/CG17999/CG9993/CG4563/CG4830/CG17562/CG17560/CG12268/wat/CG30427/Acsl,14
GO:0007498,mesoderm development,36/2241,95/8890,0.004073050474699181,0.06848951116691616,0.06436594011978525,LanA/Mlc1/Prm/Ubx/blow/up/bap/gol/bt/Galphaf/Myo61F/htl/RhoL/Scgdelta/SPARC/miple1/NimB2/Swip-1/CG17470/pyr/CG4945/Zasp66/sage/CG3987/Npc2g/meso18E/bin/smog/CG34417/sls/sgl/Msp300/tx/CG43897/CG44245/Pde8,36
GO:0006935,chemotaxis,90/2241,279/8890,0.004305286418308627,0.07193643129325807,0.06760533036611215,bsk/Fas2/Fas3/FER/Glt/if/Lim3/sas/LanA/pk/sm/tup/ct/Ptp99A/mew/fru/eIF2beta/nvy/dac/Con/Wnt5/Wnt4/tutl/Moe/Tig/beat-Ia/Rac2/cher/tap/CadN/NetA/NetB/Rab6/side/wun/ko/Nrk/Dad/Pka-R2/caps/Cdk5alpha/jbug/bdl/beat-Ic/CG6867/wgn/daw/Oli/Dscam1/Mmp2/Drl-2/Hr51/CG15611/spz5/RhoGEF64C/beat-Vc/beat-Va/beat-Vb/beat-IIb/beat-IIa/beat-VI/DIP-gamma/RhoGAP100F/robo3/CG30456/Unc-115a/Trim9/gogo/beat-IIIb/dpr11/beta-Spec/mmy/Mp/Dscam3/conv/haf/NT1/pdm3/CadN2/Acsl/Hmgcr/dally/dysc/Sema2b/Nrg/CG44153/Dscam2/beat-IIIa/ap/trol,90
GO:1904064,positive regulation of cation transmembrane transport,15/2241,31/8890,0.004404850705319449,0.07205807466513965,0.06771964991456704,eag/nrv2/CG7781/CG14275/atilla/CG9336/CG9338/CG6329/crim/CG31676/Sec61alpha/qvr/stj/rtv/Stacl,15
GO:0008362,chitin-based embryonic cuticle biosynthetic process,9/2241,15/8890,0.004421745490815387,0.07205807466513965,0.06771964991456704,kkv/knk/pio/Cht2/dpy/puc/pot/mmy/rtv,9
GO:0009312,oligosaccharide biosynthetic process,9/2241,15/8890,0.004421745490815387,0.07205807466513965,0.06771964991456704,Pgant2/CG3792/Pgant5/CG5171/CG5177/fbp/Pgant8/Mgat2/Pgant4,9
GO:0085029,extracellular matrix assembly,9/2241,15/8890,0.004421745490815387,0.07205807466513965,0.06771964991456704,Ndg/SPARC/prc/loh/Mmp2/Cad99C/psd/LanB1/LanB2,9
GO:0007043,cell-cell junction assembly,25/2241,61/8890,0.004848474288695498,0.07816066394876262,0.07345481855152851,Gli/Atpalpha/sinu/pck/Nrx-IV/nrv2/wun/Tsp2A/moody/kirre/bark/kune/CG13704/crim/Tsf2/CG9628/Ssk/M6/mesh/shakB/vari/bou/sdt/Nrg/CG44325,25
GO:0007160,cell-matrix adhesion,12/2241,23/8890,0.004944254121001271,0.07816066394876262,0.07345481855152851,if/m/mew/Itgbn/Ndg/zye/Pax/mesh/dyl/Sema2b/Zasp52/tyn,12
GO:0009311,oligosaccharide metabolic process,12/2241,23/8890,0.004944254121001271,0.07816066394876262,0.07345481855152851,Pgant2/CG3792/Pgant5/CG5171/CG5177/CG5731/fbp/sNPF/CG7997/Pgant8/Mgat2/Pgant4,12
GO:0019935,cyclic-nucleotide-mediated signaling,12/2241,23/8890,0.004944254121001271,0.07816066394876262,0.07345481855152851,Gyc32E/Gycalpha99B/Gycbeta100B/CG10738/Gyc88E/Gyc89Db/CG34357/CG42260/Pde9/CngA/Cngl/CngB,12
GO:0071711,basement membrane organization,12/2241,23/8890,0.004944254121001271,0.07816066394876262,0.07345481855152851,Col4a1/LanA/vkg/Timp/Ndg/SPARC/prc/Mmp2/Mmp1/Mp/LanB1/LanB2,12
GO:0019932,second-messenger-mediated signaling,22/2241,52/8890,0.005096897292580682,0.07976288710766316,0.07496057612151598,Ca-alpha1D/up/CanB/Gyc32E/Nos/Gycalpha99B/Gycbeta100B/P32/CG10738/Gyc88E/Gyc89Db/Cad99C/CG34357/Nox/CG42260/Pde9/5PtaseI/Pdfr/CngA/Cngl/rdgC/CngB,22
GO:0097485,neuron projection guidance,87/2241,270/8890,0.005113790841687661,0.07976288710766316,0.07496057612151598,bsk/Fas2/Fas3/FER/Glt/if/Lim3/sas/LanA/pk/sm/tup/ct/Ptp99A/mew/fru/eIF2beta/nvy/dac/Wnt5/Wnt4/tutl/Moe/Tig/beat-Ia/Rac2/cher/tap/CadN/NetA/NetB/Rab6/side/ko/Nrk/Dad/Pka-R2/caps/Cdk5alpha/jbug/bdl/beat-Ic/CG6867/wgn/daw/Oli/Dscam1/Mmp2/Drl-2/Hr51/CG15611/spz5/RhoGEF64C/beat-Vc/beat-Va/beat-Vb/beat-IIb/beat-IIa/beat-VI/DIP-gamma/RhoGAP100F/robo3/CG30456/Unc-115a/Trim9/gogo/beat-IIIb/dpr11/beta-Spec/mmy/Mp/Dscam3/conv/haf/NT1/pdm3/CadN2/Acsl/dally/dysc/Sema2b/Nrg/CG44153/Dscam2/beat-IIIa/ap/trol,87
GO:0003333,amino acid transmembrane transport,20/2241,46/8890,0.005136246518296491,0.07976288710766316,0.07496057612151598,Eaat2/Eaat1/CG15279/NAAT1/CG1628/sbm/Ucp4A/CG12531/VGlut/CG4995/CG1698/CG8785/VGAT/Ncc69/CG13248/ChT/CG17119/CG1607/NKCC/CG43693,20
GO:0043171,peptide catabolic process,13/2241,26/8890,0.005557551869101848,0.0858008007861338,0.08063496309924935,CG17636/CG4829/CG8773/CG8774/CG5849/CG4467/CG11951/CG31198/CG31233/CG31343/CG31445/CG42335/CG46339,13
GO:0043455,regulation of secondary metabolic process,10/2241,18/8890,0.005732208510666693,0.08747416455583855,0.08220757809334588,AstA/Hayan/AstC/sturkopf/PGRP-LC/Mip/Sp7/GNBP3/modSP/Spn77Ba,10
GO:1990709,presynaptic active zone organization,10/2241,18/8890,0.005732208510666693,0.08747416455583855,0.08220757809334588,Rab3/Srpk79D/Lrp4/Nlg2/Dyb/RhoGAP100F/beta-Spec/brp/Rbp/Fife,10
GO:0007200,phospholipase C-activating G protein-coupled receptor signaling pathway,8/2241,13/8890,0.005931818186096039,0.09000000006490542,0.0845813397739163,mAChR-A/5-HT1A/Oct-TyrR/Oamb/TyrR/mtt/5-HT1B/Ggamma30A,8
GO:0061564,axon development,106/2241,339/8890,0.006055097428852833,0.09134546978383702,0.08584580234469852,Appl/bsk/Fas2/Fas3/FER/Glt/if/kay/Lim3/sas/LanA/pk/rut/Sh/sm/tup/Wnt2/Ptp99A/mew/rho/fru/eIF2beta/nvy/dac/Con/Wnt5/SrpRalpha/Wnt4/tutl/mas/Moe/Tig/beat-Ia/Rac2/cher/tap/CadN/NetA/NetB/Rab6/side/ko/Nrk/Dad/Pka-R2/caps/wrapper/Cdk5alpha/jbug/bdl/beat-Ic/CG6867/wgn/daw/Oli/Dscam1/Mmp2/Drl-2/Hr51/CG15611/Liprin-gamma/Mmp1/spz5/RhoGEF64C/frac/sff/beat-Vc/beat-Va/beat-Vb/beat-IIb/beat-IIa/beat-VI/DIP-gamma/RhoGAP100F/robo3/CG30456/Unc-115a/Trim9/gogo/beat-IIIb/dpr11/spri/sif/beta-Spec/futsch/mmy/Mp/mfas/Dscam3/conv/haf/NT1/pdm3/Ank2/CadN2/Acsl/sick/dally/dysc/Sema2b/Nrg/CG44153/Dscam2/beat-IIIa/ap/trol,106
GO:1901605,alpha-amino acid metabolic process,35/2241,94/8890,0.006323847071294402,0.09485770606941603,0.08914657623828293,Ddc/Gs1/Hn/ry/v/Gad1/ple/Nos/Odc1/Faa/CG17896/Ass/ppl/CG1764/CG7860/Argl/CG6415/Sardh/CG5493/CG6638/CG10361/CG9674/CG7430/Hpd/P5CDh1/CG7470/CG3999/Kyat/yellow-f2/CG5044/P5cr-2/CG10184/yellow-h/hgo/Mccc2,35
GO:0009063,cellular amino acid catabolic process,22/2241,53/8890,0.006677337172589942,0.0995941815572737,0.09359788115250964,Hn/v/Gad1/Nos/Faa/CG17896/ppl/CG7860/CG6415/Sardh/CG5493/CG6638/CG10361/CG7430/P5CDh1/CG8199/CG3999/CG5044/CG10184/Ssadh/hgo/Mccc2,22
